tree
version=v4
num_class=1
num_tree_per_iteration=1
label_index=0
max_feature_idx=10
objective=binary sigmoid:1
feature_names=position is_new_user price_tier category item_impressions_before item_clicks_before item_ctr_before user_clicks_before user_category_clicks_before user_category_share_before user_item_impressions_before
feature_infos=[0:9] [0:1] [1:4] -1:1:2:9:7:8:5:0:6:3:4 [47:301509] [0:3409] [0.0054054054054054057:0.18656716417910449] [0:43] [0:26] [0.015873015873015872:0.5] [0:52]
tree_sizes=3431 3485 3506 3515 3518 3521 3561 3560 3581 3563 3549 3558 3584 3553 3569 3568 3566 3560 3555 3563 3574 3578 3578 3607 3594 3597 3568 3604 3589 3601 3583 3595 3587 3576 3601 3567 3600 3592 3618 3608 3597

Tree=0
num_leaves=31
num_cat=0
split_feature=9 5 8 10 10 8 6 0 4 5 0 0 10 10 8 8 0 10 10 8 8 8 10 10 1 8 0 1 9 10
split_gain=63949 27057.6 12214.2 12039.2 6294.11 19600 5979.01 4251.43 2435.02 2419.66 1762.38 1456.52 1433.75 3757.81 1936.56 1626.43 1419.97 956.289 2273.82 1305.65 1392.96 820.06 768.062 731.678 715.691 672.258 652.679 567.321 566.428 562.029
threshold=0.050641025641025648 910.50000000000011 2.5000000000000004 1.0000000180025095e-35 1.0000000180025095e-35 1.5000000000000002 0.053334081892357221 2.5000000000000004 2499.5000000000005 1654.5000000000002 2.5000000000000004 2.5000000000000004 1.0000000180025095e-35 1.5000000000000002 3.5000000000000004 4.5000000000000009 2.5000000000000004 1.5000000000000002 1.0000000180025095e-35 3.5000000000000004 4.5000000000000009 5.5000000000000009 1.5000000000000002 1.5000000000000002 1.0000000180025095e-35 5.5000000000000009 3.5000000000000004 1.0000000180025095e-35 0.133974358974359 1.5000000000000002
decision_type=2 2 2 2 2 2 2 2 2 2 2 2 2 2 2 2 2 2 2 2 2 2 2 2 2 2 2 2 2 2
left_child=3 2 4 10 16 6 8 12 26 -3 -1 23 24 14 -14 -16 -2 18 27 -20 -21 -17 -11 -8 28 -22 -6 -9 -4 -13
right_child=1 9 7 -5 5 -7 11 17 -10 22 -12 29 13 -15 15 21 -18 -19 19 20 25 -23 -24 -25 -26 -27 -28 -29 -30 -31
leaf_value=-3.2058809817293925 -3.1450657507704562 -3.1892253195796769 -3.0772813096429452 -3.2554379764880941 -2.9561217694954811 -3.1863769342555663 -2.8429396127745425 -3.0969026877315953 -3.1130534006414043 -3.185374647604013 -3.2254066699369157 -2.9566246138876338 -2.8010217357225344 -3.083387696901033 -3.0596095180663188 -2.7563323292327726 -3.1853870462002933 -3.1552363711869784 -2.9377660852408525 -3.1403259656013467 -2.8838471537185901 -2.9474726194961449 -3.251107483047242 -3.0203193405105919 -3.0974243173094194 -3.0429022497636962 -3.0551765418646872 -3.1594971870528781 -2.9969810509327632 -3.1041080405841939
leaf_weight=21758.311549853534 3976.2089530006051 3232.6416932046413 308.64493139088154 33933.115933276713 439.8451330140233 3233.2011028192937 508.7643975391984 1278.9968489669263 1073.9918721839786 492.65340063720942 24647.662209533155 514.13472983986139 296.67356563732028 447.56498569622636 228.50018059834838 92.489056289196014 4842.9209159687161 532.55795314908028 328.67179559543729 288.13324552029371 104.90794973447919 142.68674571067095 4536.9238567538559 65.637394785881042 416.12616535276175 181.13683322444558 267.39779580384493 504.88582421094179 761.28189759328961 73.879363108426332
leaf_count=583427 106618 86680 8276 909882 11794 86695 13642 34295 28798 13210 660902 13786 7955 12001 6127 2480 129858 14280 8813 7726 2813 3826 121653 1760 11158 4857 7170 13538 20413 1981
internal_value=-3.20978 -3.14637 -3.1161 -3.2328 -3.1401 -3.10139 -3.00805 -3.05524 -3.06561 -3.22298 -3.21625 -2.91984 -3.0089 -2.96844 -2.90078 -2.96461 -3.16721 -3.09403 -3.0819 -3.01724 -3.06273 -2.8723 -3.24467 -2.86321 -3.04179 -2.98457 -2.99357 -3.11462 -3.02015 -2.97515
internal_weight=0 29171.5 20909.2 80339.1 14996 6176.85 2943.65 5913.26 1781.23 8262.22 46406 1162.42 2693.97 1207.91 760.35 463.676 8819.13 3219.29 2686.73 902.85 574.178 235.176 5029.58 574.402 1486.05 286.045 707.243 1783.88 1069.93 588.014
internal_count=2936414 782203 560660 2154211 402102 165626 78931 158558 47762 221543 1244329 31169 72236 32389 20388 12433 236476 86322 72042 24209 15396 6306 134863 15402 39847 7670 18964 47833 28689 15767
is_linear=0
shrinkage=1


Tree=1
num_leaves=31
num_cat=0
split_feature=9 5 10 8 8 10 4 0 0 10 6 4 10 0 6 10 10 8 8 6 0 0 10 1 5 8 10 8 8 10
split_gain=55110.5 21263.1 11670.1 8053.85 4248.88 11418.4 4375.52 2480.99 1618.43 1309.86 1120.9 1090.28 1504.09 1082.83 994.702 966.939 1282.02 778.031 716.807 689.614 664.422 627.101 578.218 412.13 411.071 378.733 361.816 345.207 359.669 341.505
threshold=0.050641025641025648 1233.5000000000002 1.0000000180025095e-35 2.5000000000000004 1.5000000000000002 1.0000000180025095e-35 4374.5000000000009 2.5000000000000004 2.5000000000000004 3.5000000000000004 0.062092469552378425 5175.5000000000009 1.0000000180025095e-35 3.5000000000000004 0.046928073148435327 1.5000000000000002 1.0000000180025095e-35 3.5000000000000004 4.5000000000000009 0.057298968578105361 2.5000000000000004 2.5000000000000004 2.5000000000000004 1.0000000180025095e-35 1795.5000000000002 4.5000000000000009 1.5000000000000002 3.5000000000000004 4.5000000000000009 1.5000000000000002
decision_type=2 2 2 2 2 2 2 2 2 2 2 2 2 2 2 2 2 2 2 2 2 2 2 2 2 2 2 2 2 2
left_child=2 3 8 4 5 21 10 11 -1 -3 20 12 25 22 -8 16 23 -14 -19 27 26 -2 -6 -9 -11 -5 -7 -18 -29 -16
right_child=1 9 -4 7 13 6 14 15 -10 24 -12 -13 17 -15 29 -17 19 18 -20 -21 -22 -23 -24 -25 -26 -27 -28 28 -30 -31
leaf_value=0.0036897334487469256 0.05269982715237758 0.012122894515637684 -0.045294559557360566 0.11792677249221682 0.05372231288094205 0.20953816633296199 0.050657087698730535 0.096409609055238613 -0.015067409211396376 -0.013518431173773555 0.24333716104780712 0.10888771554386417 0.27124069577123017 0.010483287442063368 0.16973329599775139 0.043152595528306831 0.16433651361407708 0.12169760491832873 0.23171847516066979 0.20588478966215354 0.13617440366096875 0.017606412376200028 -0.0038593441524474464 0.045201390908105675 -0.046293687529612694 0.17059122085293865 0.10633921589979273 0.046922972559878415 0.1362358419605757 0.090248564868549569
leaf_weight=21836.679093591869 2325.7021046169102 1890.2499844320118 32531.184494376183 894.39411298185587 4279.564253591001 773.69978906214237 985.73254802823067 1439.1298888511956 24294.702462218702 1329.5205324999988 676.32937725633383 1009.6176721081138 404.85626705363393 3266.9859619773924 306.39578623697162 746.85469426587224 292.44485964626074 272.65075298771262 323.93584061041474 364.79779538139701 857.48375973850489 2812.3723036162555 485.42965190857649 540.4716655947268 3411.3788678385317 552.11551767587662 95.406544249504805 210.93599760532379 242.10251220688224 241.76690642535686
leaf_count=583427 58835 50639 909882 20848 110376 15952 24865 34834 660902 35507 13757 23701 7757 85707 7169 19197 6178 6398 6641 8178 19256 73743 12750 13845 95033 12368 2145 5316 5323 5885
internal_value=0 0.0563235 -0.022361 0.0778992 0.0591418 0.0825847 0.146659 0.12189 -0.00618856 -0.0230704 0.188774 0.152607 0.170639 0.0326549 0.0806828 0.094208 0.106549 0.217742 0.181437 0.149554 0.167401 0.0334911 0.0478562 0.0824287 -0.0371023 0.138028 0.198209 0.121988 0.0946515 0.134677
internal_weight=0 31032.3 78662.6 24401.2 17106.9 9074.89 3936.81 7294.31 46131.4 6631.15 2402.92 3457.57 2447.95 8031.98 1533.9 3836.74 3089.88 1001.44 596.587 1110.28 1726.59 5138.07 4764.99 1979.6 4740.9 1446.51 869.106 745.483 453.039 548.163
internal_count=2936414 782203 2154211 601024 430440 221607 89029 170584 1244329 181179 51110 77713 54012 208833 37919 92871 73674 20796 13039 24995 37353 132578 123126 48679 130540 33216 18097 16817 10639 13054
is_linear=0
shrinkage=0.05


Tree=2
num_leaves=31
num_cat=2
split_feature=9 5 10 8 8 10 4 0 0 10 10 10 0 3 6 6 0 1 10 10 10 5 10 8 8 7 10 9 3 0
split_gain=47973.9 17252.8 11301.4 5667.29 3218.78 7989.48 2664.16 1709.23 1485.37 1237.8 1022.69 1289.85 910.19 770.388 677.172 597.193 512.452 465.956 460.88 571.313 424.884 406.807 397.757 365.143 450.013 347.341 325.791 324.577 321.332 299.397
threshold=0.050641025641025648 1233.5000000000002 1.0000000180025095e-35 2.5000000000000004 1.5000000000000002 1.0000000180025095e-35 4499.5000000000009 3.5000000000000004 2.5000000000000004 3.5000000000000004 1.5000000000000002 1.0000000180025095e-35 2.5000000000000004 0 0.046822885096733248 0.056699445425781217 2.5000000000000004 1.0000000180025095e-35 1.5000000000000002 1.0000000180025095e-35 1.5000000000000002 1795.5000000000002 1.5000000000000002 3.5000000000000004 4.5000000000000009 1.5000000000000002 1.0000000180025095e-35 0.15655637254901963 1 4.5000000000000009
decision_type=2 2 2 2 2 2 2 2 2 2 2 2 2 1 2 2 2 2 2 2 2 2 2 2 2 2 2 2 1 2
left_child=2 3 8 4 5 16 13 10 -1 26 11 17 20 22 28 -13 -2 27 19 -9 -6 -11 29 -21 -25 -15 -3 -5 -8 -7
right_child=1 9 -4 7 12 6 14 18 -10 21 -12 15 -14 25 -16 -17 -18 -19 -20 23 -22 -23 -24 24 -26 -27 -28 -29 -30 -31
leaf_value=0.0034930256571960427 0.047645318817623995 0.051666308758164664 -0.044924607933846804 0.10173520735030515 0.055536678011092681 0.20432666732535801 -0.014841068771632627 0.065299852251295074 -0.014520032176410411 -0.013007923489366639 0.074412477755801357 0.14469927030001431 0.014583902874861866 0.20564246849447373 0.11192637839963904 0.20923116703223488 0.016450322324447667 0.074253221521421636 0.03422172116907319 0.15235286111952384 0.012114009614240397 -0.045958630734996925 0.092376844875214123 0.040837059717332522 0.12919179624235733 0.11677995250398171 0.00080730451513479561 0.14366769135461749 0.058250182958544588 0.14637205379248105
leaf_weight=21911.088812299073 2440.6501895412803 397.56871919333935 31193.068576231599 906.50797482579947 3170.4471200592816 913.97160099819303 184.32405716925859 1609.8306427225471 23958.767803162336 1313.0428662262857 939.6645906381309 985.22852118685842 4422.5154387801886 119.17876344174147 614.0207454636693 563.6028729043901 2858.2927045226097 664.35636597126722 581.98310854285955 377.36843630671501 685.07870792597532 3268.0693402029574 113.69868277013302 263.28666551411152 318.38802090659738 1422.5656533129513 1513.9233733080328 940.03360558673739 833.92635938152671 294.70665676891804
leaf_count=583427 58835 10326 909882 19026 77282 15705 4449 36722 660902 35507 20927 17609 113921 2127 12982 9559 73743 14774 14378 6782 17630 95033 2315 6041 6051 25774 40313 18715 20082 5595
internal_value=0 0.0505596 -0.0217054 0.0686264 0.0530173 0.072415 0.121436 0.10324 -0.00591556 -0.0224121 0.121418 0.132297 0.0300642 0.150491 0.070454 0.168182 0.0308185 0.110163 0.0743976 0.0834996 0.047821 -0.0365143 0.180421 0.114049 0.0891993 0.122852 0.0113854 0.123082 0.0454455 0.190196
internal_weight=0 32716.2 77062.9 26223.6 18073.4 9795.34 4496.39 8150.25 45869.9 6492.6 4999.39 4059.73 8278.04 2864.12 1632.27 1548.83 5298.94 2510.9 3150.86 2568.87 3855.53 4581.11 1322.38 959.043 581.675 1541.74 1911.49 1846.54 1018.25 1208.68
internal_count=2936414 782203 2154211 601024 430440 221607 89029 170584 1244329 181179 100610 79683 208833 51516 37513 27168 132578 52515 69974 55596 94912 130540 23615 18874 12092 27901 50639 37741 24531 21300
cat_boundaries=0 1 2
cat_threshold=121 296
is_linear=0
shrinkage=0.05


Tree=3
num_leaves=31
num_cat=0
split_feature=9 5 10 8 8 10 10 0 0 10 6 0 5 10 8 8 0 10 0 0 10 10 0 10 5 8 0 1 6 7
split_gain=42045.8 14227.6 10933.5 4145.01 2500.08 5841.95 1957.05 1384.71 1281.77 1172.94 941.835 774.123 648.471 785.569 432.466 548.2 422.686 421.503 412.968 396.59 377.475 423.022 352.862 333.435 324.865 268.863 252.219 246.62 246.143 236.23
threshold=0.050641025641025648 1233.5000000000002 1.0000000180025095e-35 2.5000000000000004 1.5000000000000002 1.0000000180025095e-35 1.5000000000000002 3.5000000000000004 1.5000000000000002 4.5000000000000009 0.051355618426565629 3.5000000000000004 147.50000000000003 1.0000000180025095e-35 3.5000000000000004 4.5000000000000009 4.5000000000000009 2.5000000000000004 3.5000000000000004 1.0000000180025095e-35 1.5000000000000002 1.0000000180025095e-35 1.0000000180025095e-35 1.0000000180025095e-35 1679.5000000000002 5.5000000000000009 3.5000000000000004 1.0000000180025095e-35 0.030922092966597699 9.5000000000000018
decision_type=2 2 2 2 2 2 2 2 2 2 2 2 2 2 2 2 2 2 2 2 2 2 2 2 2 2 2 2 2 2
left_child=2 3 7 4 5 16 10 19 20 23 18 17 13 27 -15 -16 -2 29 -7 -1 21 -5 -12 -3 -11 -17 -8 -10 -19 -6
right_child=1 9 -4 8 11 6 26 -9 12 24 22 -13 -14 14 15 25 -18 28 -20 -21 -22 -23 -24 -25 -26 -27 -28 -29 -30 -31
leaf_value=0.011195577709001954 0.03733769565588934 0.046750547968526776 -0.044548344663890953 0.10771207165378621 0.054122638520804678 0.11233213008919184 0.066827156509316768 -0.016611353789399628 0.07972382455663346 -0.01097807302761265 0.18682546500553135 0.0090053510631762698 0.055732634526594327 0.15026876287795685 0.051360272070607699 0.17652399762598048 0.0066585177835301644 0.17630897876576307 0.060983569605100818 -0.0023022818117042708 0.077917753048092259 0.15060669991296755 0.13374445486486319 -0.0025251329946097308 -0.045710768502721461 0.10045734294261395 0.02057372973349305 0.04047618890433869 -0.011230686437873651 0.031378037930088462
leaf_weight=7401.5982328802347 3869.0767926461995 416.87436194717884 29916.103973217309 1452.0211061090231 2699.0858874991536 1047.3676531687379 747.50152322277427 17665.363997787237 1611.1670625135303 856.87195641174912 382.92316245287657 3343.174904063344 2388.1746320277452 595.820765260607 394.83964174613357 192.8970079049468 1581.6859620139003 18.170793488621712 625.35017796605825 20553.850403308868 525.68746273964643 951.36611607670784 1716.7408681698143 1945.4545524902642 3141.383330270648 292.03929014876485 486.59301451593637 532.56179468333721 471.21575046703219 1978.4021587707102
leaf_count=196449 92383 10326 909882 26875 63742 18748 15916 493889 32083 23181 5374 85707 49781 9074 8148 2950 40195 474 12329 553991 10636 13984 26168 52760 94912 5137 10494 11916 12276 46634
internal_value=0 0.0457206 -0.0210574 0.0611033 0.0478756 0.0642514 0.103246 -0.00565315 0.0891781 -0.021763 0.121126 0.0277528 0.0759558 0.0892999 0.117377 0.0951009 0.0284353 0.0398832 0.0931353 0.00127147 0.116297 0.124692 0.143425 0.00617042 -0.0382672 0.130715 0.0485898 0.0699736 -0.00426739 0.0445025
internal_weight=0 34264.4 75536.9 27903.9 18967.3 10457.2 5006.48 45620.8 8936.57 6360.58 3772.38 8510.05 6007.5 3619.33 1475.6 879.776 5450.76 5166.87 1672.72 27955.4 2929.07 2403.39 2099.66 2362.33 3998.26 484.936 1234.09 2143.73 489.387 4677.49
internal_count=2936414 782203 2154211 601024 430440 221607 89029 1244329 170584 181179 62619 208833 119089 69308 25309 16235 132578 123126 31077 750440 51495 40859 31542 63086 118093 8087 26410 43999 12750 110376
is_linear=0
shrinkage=0.05


Tree=4
num_leaves=31
num_cat=1
split_feature=8 5 10 8 8 10 4 0 10 10 10 10 6 10 0 0 3 0 8 8 0 1 7 5 1 6 0 8 8 8
split_gain=37079 12073.4 10629.3 3186.33 2028.29 4302.78 1747.26 1269.56 1030.29 880.539 867.352 719.008 609.511 603.883 567.29 523.334 430.285 392.77 361.686 555.905 353.384 328.207 301.535 295.672 291.013 245.116 244.809 233.386 353.171 225.219
threshold=1.0000000180025095e-35 1415.5000000000002 1.0000000180025095e-35 2.5000000000000004 1.5000000000000002 1.0000000180025095e-35 9297.0000000000018 3.5000000000000004 1.5000000000000002 2.5000000000000004 1.0000000180025095e-35 1.5000000000000002 0.050762960583242721 1.5000000000000002 1.5000000000000002 1.0000000180025095e-35 0 2.5000000000000004 3.5000000000000004 4.5000000000000009 1.0000000180025095e-35 1.0000000180025095e-35 13.500000000000002 2031.5000000000002 1.0000000180025095e-35 0.056699445425781217 2.5000000000000004 5.5000000000000009 6.5000000000000009 4.5000000000000009
decision_type=2 2 2 2 2 2 2 2 2 2 2 2 2 2 2 2 1 2 2 2 2 2 2 2 2 2 2 2 2 2
left_child=2 3 7 4 5 17 13 20 10 -3 15 14 -12 16 -6 -5 -7 -2 -14 -20 -1 29 24 -11 -10 -18 -8 -21 -29 -17
right_child=1 9 -4 8 11 6 26 -9 22 23 12 -13 18 -15 -16 21 25 -19 19 27 -22 -23 -24 -25 -26 -27 -28 28 -30 -31
leaf_value=0.01047028740069203 0.039786364871367566 0.011796537864192479 -0.044396728035064698 0.10859386050301151 0.052017027205250366 0.088661746439217537 0.061985735033703832 -0.01607747580963035 0.076305241086880166 -0.020488070847913254 0.079510809532775409 -0.0040331481298983901 0.14958429290251493 0.054490888745776803 0.022015886594138129 0.06026682667630176 0.11120855492638955 0.013747885532778482 0.062775297196547258 0.17193027190633836 -0.0022460901803741046 0.039975817330352367 0.020467773865107765 -0.047374014782133711 0.018776676438709117 0.14557604889593453 0.021240713779089461 0.058696536709192962 0.16082611076606954 0.087853242098148376
leaf_weight=7455.9402801431715 2737.9285190552473 1166.5360930860043 28593.55251044035 795.35664300248027 2318.8478939831257 1620.5858738049865 691.71420651301742 17333.988532118499 814.21345556527376 1651.2097270339727 1336.3546960242093 1756.26771293208 784.69993369281292 551.18003805726767 4916.5168409273028 1652.9818979948759 1115.3928632363677 3074.625245090574 450.83944435045123 259.89610420912504 20443.113942239434 1037.2221995927393 794.64852053299546 2686.0231201276183 301.13099187240005 970.0195100903511 789.33248495310545 172.06475997343659 166.61899938806891 1339.361349273473
leaf_count=195861 61430 30127 906580 13408 51634 24001 15082 492139 17338 48020 20696 44600 9720 10451 119536 30728 16745 76892 8050 3143 552179 21678 16944 84064 6479 12326 17735 2515 2444 23869
internal_value=0 0.0413848 -0.0205346 0.0537039 0.0424721 0.056334 0.0870478 -0.0054504 0.076997 -0.0267665 0.0848785 0.0246649 0.105194 0.103321 0.0316309 0.071529 0.110584 0.026013 0.123907 0.104707 0.00115232 0.0642131 0.0440042 -0.0371384 0.0607731 0.126587 0.0402704 0.13629 0.10894 0.0726144
internal_weight=0 35951.6 73826.6 30447.8 20542.4 11550.8 5738.22 45233 9905.39 5503.77 7995.4 8991.63 3170.47 4257.18 7235.36 4824.92 3706 5812.55 1834.12 1049.42 27899.1 4029.57 1909.99 4337.23 1115.34 2085.41 1481.05 598.58 338.684 2992.34
internal_count=2936414 789655 2146759 627444 450432 234662 96340 1240179 177012 162211 136251 215770 46568 63523 171170 89683 53072 138322 25872 16152 748040 76275 40761 132084 23817 29071 32817 8102 4959 54597
cat_boundaries=0 1
cat_threshold=390
is_linear=0
shrinkage=0.05


Tree=5
num_leaves=31
num_cat=3
split_feature=8 10 5 0 8 0 8 10 8 10 6 8 10 4 1 7 10 10 5 0 5 10 3 10 4 3 9 1 3 0
split_gain=32812.5 10266.7 10263.5 2679.02 1541.29 1168.36 1161.53 2398.03 890.359 804.52 773.984 490.728 847.526 594.563 486.518 445.507 479.94 415.926 336.416 316.065 270.861 256.402 227.682 222.812 218.804 244.262 213.263 210.368 199.912 195.609
threshold=1.0000000180025095e-35 1.0000000180025095e-35 1439.5000000000002 3.5000000000000004 2.5000000000000004 3.5000000000000004 1.5000000000000002 1.0000000180025095e-35 2.5000000000000004 2.5000000000000004 0.046822885096733248 1.5000000000000002 1.0000000180025095e-35 4499.5000000000009 1.0000000180025095e-35 11.500000000000002 1.5000000000000002 2.5000000000000004 660.50000000000011 1.0000000180025095e-35 2031.5000000000002 1.5000000000000002 0 1.5000000000000002 7750.5000000000009 1 0.15655637254901963 1.0000000180025095e-35 2 1.0000000180025095e-35
decision_type=2 2 2 2 2 2 2 2 2 2 2 2 2 2 2 2 2 2 2 2 2 2 1 2 2 1 2 2 1 2
left_child=1 5 3 4 6 19 7 -2 11 -4 24 12 -5 -14 15 29 26 28 27 -1 -11 22 -12 -13 -9 -26 -17 -10 -8 -6
right_child=2 -3 9 8 14 -7 17 10 18 20 21 23 13 -15 -16 16 -18 -19 -20 -21 -22 -23 -24 -25 25 -27 -28 -29 -30 -31
leaf_value=0.0098488829911643309 0.033191998037218333 -0.044014243002634984 0.010268888759066376 0.010276210060761543 0.13032130082066101 -0.01550910117332098 0.050359356821590311 0.083248165020155085 0.061803525635844361 -0.020660598018445643 0.062872557627956654 0.012823920607723952 0.073792270641240915 0.020784791856929802 0.053563575932645449 0.071210854164630036 0.035527439958463684 -0.0064297406691854091 0.013506120028656818 -0.0021383320143675763 -0.047098337020206354 0.067193338944420797 0.11874520810098999 -0.018217672365842243 0.055889170430551721 -0.013067063305337485 0.099912973257251 0.031580787809425408 0.029387386392089789 0.095333306534257922
leaf_weight=7528.1336895860732 3609.9236538335681 27429.473818838596 1143.3721210099757 2349.7916958965361 552.4367903470993 17077.439044013619 1919.2485559657216 570.85735389962792 2662.3869241960347 1555.1335171591491 293.47993486374617 2817.9941112548113 1368.6879881955683 862.29352277517319 1433.5715906098485 1409.4466916956007 622.59664402529597 603.84486543014646 562.02964241430163 20400.775086469948 2569.6052761375904 370.28817613050342 1917.2250977754593 727.2778377532959 662.50405404344201 160.48169318772852 1196.6650127358735 734.64959695935249 3163.8373897112906 1442.759442884475
leaf_count=195861 80199 906580 29229 58308 7670 492139 42145 7947 46270 46231 3779 70191 19712 18082 24555 21938 12282 15953 12266 552179 84064 6533 23309 18718 14157 3563 16917 14405 69721 21511
internal_value=0 -0.0199021 0.0378278 0.0484697 0.059733 -0.00520672 0.0498848 0.062693 0.0298957 -0.0268432 0.0894857 0.0204228 0.0312323 0.0533044 0.0793655 0.0864462 0.0749679 0.0328022 0.049339 0.00109278 -0.0371306 0.1057 0.112149 0.00645604 0.0594621 0.0429631 0.0843902 0.0552675 0.0374628 0.105021
internal_weight=0 72435.8 37282.4 32014.3 19929.2 45006.3 13271.7 7584.76 12085.1 5268.11 3974.84 8126.05 4580.77 2230.98 6657.48 5223.9 3228.71 5686.93 3959.07 27928.9 4124.74 2580.99 2210.71 3545.27 1393.84 822.986 2606.11 3397.04 5083.09 1995.2
internal_count=2936414 2146759 789655 630131 372179 1240179 267306 139487 257952 159524 59288 185011 96102 37794 104873 80318 51137 127819 72941 748040 130295 33621 27088 88909 25667 17720 38855 60675 111866 29181
cat_boundaries=0 1 2 3
cat_threshold=2 647 121
is_linear=0
shrinkage=0.05


Tree=6
num_leaves=31
num_cat=1
split_feature=8 10 5 0 8 0 8 10 10 4 1 10 9 8 10 10 6 10 6 7 10 4 10 3 0 8 0 10 6 7
split_gain=29138.7 9906.54 8800.81 2216.79 1317.75 1082.5 809.688 1525.61 754.398 742.87 622.991 516.039 453.688 616.31 395.747 377.112 319.626 304.356 293.877 215.379 307.095 299.788 205.625 193.913 190.939 190.277 186.681 181.872 178.626 172.372
threshold=1.0000000180025095e-35 1.0000000180025095e-35 1462.5000000000002 1.5000000000000002 2.5000000000000004 2.5000000000000004 1.5000000000000002 1.0000000180025095e-35 4.5000000000000009 2433.5000000000005 1.0000000180025095e-35 1.5000000000000002 0.11952380952380953 1.5000000000000002 2.5000000000000004 1.0000000180025095e-35 0.046822885096733248 1.0000000180025095e-35 0.052928903978339666 5.5000000000000009 1.0000000180025095e-35 1199.5000000000002 1.0000000180025095e-35 0 5.5000000000000009 4.5000000000000009 1.0000000180025095e-35 3.5000000000000004 0.030613433832333826 1.5000000000000002
decision_type=2 2 2 2 2 2 2 2 2 2 2 2 2 2 2 2 2 2 2 2 2 2 2 1 2 2 2 2 2 2
left_child=1 5 3 10 6 26 7 -5 22 29 12 15 13 17 -8 25 -11 -2 -17 20 -12 -22 -4 -15 -7 -6 -1 -14 -29 -9
right_child=2 -3 8 4 11 24 14 9 -10 16 19 -13 27 23 -16 18 -18 -19 -20 -21 21 -23 -24 -25 -26 -27 -28 28 -30 -31
leaf_value=0.0092698664689683085 0.044148899622219212 -0.043624301348958561 0.036673166835682794 0.014806737952956023 0.039067569825116694 -0.0092681503010131998 0.017399770419885493 0.12628965563126313 -0.041224052696335417 0.016530927137181774 0.04327063481546628 0.025057821372838015 0.090259445527131041 0.060535957539878449 -0.021164908880649362 0.055936373779109663 0.05669403984895223 0.091882777992503759 0.090859416795991244 0.033155640504704563 0.11404495571598612 0.057107685580584849 -0.0084604465433883672 0.027837293605727193 -0.018876797804995498 0.062601413651415819 -0.00041258226629299838 0.1524612369730024 0.026331358646486943 0.07268061135635849
leaf_weight=7596.6212621256709 433.05659390613437 26319.110665097833 304.38571979850531 4164.0333630852401 2203.0807158462703 14807.070014391094 5631.5702331438661 161.08415976166725 3255.0608227215707 1087.3189642485231 1711.5746049135923 1430.4221880026162 2675.7885118350387 792.38128361105919 754.3489352054894 1178.9755398519337 909.91042213514447 1459.0385740250349 1231.761543661356 1647.5786422677338 367.77944359183311 622.47070831805468 1476.3978037722409 1215.0016846396029 7944.1206762194633 1407.7014571465552 14442.623038753867 32.673818465322256 199.23510432243347 2168.271888229996
leaf_count=195861 9229 906580 7076 98027 39542 426365 132047 1898 108377 23355 35078 29497 36741 15620 19937 16930 14055 19177 15565 30280 4639 10947 41314 25350 232255 23183 385698 721 3903 27167
internal_value=0 -0.0192785 0.0347171 0.0439853 0.0348915 -0.00497278 0.0262947 0.0364109 -0.0269101 0.0572034 0.0621852 0.0520537 0.0716297 0.0604833 0.0128442 0.0584666 0.0348287 0.0809576 0.0737802 0.0474039 0.0560925 0.0782542 -0.000745849 0.0411848 -0.0126232 0.0482425 0.00292482 0.0865781 0.0441019 0.0763879
internal_weight=0 71109.5 38520.9 33485.1 22328.5 44790.4 14876.5 8490.62 5035.84 4326.59 11156.6 7451.94 6807.18 3899.48 6385.92 6021.52 1997.23 1892.1 2410.74 4349.4 2701.82 990.25 1780.78 2007.38 22751.2 3610.78 22039.2 2907.7 231.909 2329.36
internal_count=2936414 2146759 789655 632888 441203 1240179 316486 164502 156767 66475 191685 124717 110741 69376 151984 95220 37410 28406 32495 80944 50664 15586 48390 40970 658620 62725 581559 41365 4624 29065
cat_boundaries=0 1
cat_threshold=121
is_linear=0
shrinkage=0.05


Tree=7
num_leaves=31
num_cat=1
split_feature=8 10 5 0 8 0 8 10 10 10 10 10 8 1 6 7 0 6 8 10 4 3 10 0 10 10 4 10 8 6
split_gain=25944.7 9549.39 7600.04 1958.62 1171.68 997.873 943.264 1669.08 710.82 622.178 422.006 417.005 409.505 356.728 283.699 278.999 258.644 230.076 220.107 393.436 263.929 200.387 199.327 186.653 184.068 179.333 170.98 403.197 164.703 158.829
threshold=1.0000000180025095e-35 1.0000000180025095e-35 1484.5000000000002 4.5000000000000009 2.5000000000000004 3.5000000000000004 1.5000000000000002 1.0000000180025095e-35 4.5000000000000009 1.5000000000000002 2.5000000000000004 3.5000000000000004 2.5000000000000004 1.0000000180025095e-35 0.045833429299676022 13.500000000000002 1.5000000000000002 0.0311392946285057 1.5000000000000002 1.0000000180025095e-35 4374.5000000000009 0 1.5000000000000002 1.0000000180025095e-35 1.5000000000000002 1.0000000180025095e-35 1832.5000000000002 2.5000000000000004 4.5000000000000009 0.046512605946086576
decision_type=2 2 2 2 2 2 2 2 2 2 2 2 2 2 2 2 2 2 2 2 2 1 2 2 2 2 2 2 2 2
left_child=1 5 3 4 6 16 7 -2 22 14 23 13 18 15 -9 25 -1 -13 19 -5 -21 -16 -4 -8 -14 -6 -3 29 -17 -28
right_child=2 26 8 12 11 -7 10 9 -10 -11 -12 17 24 -15 21 28 -18 -19 -20 20 -22 -23 -24 -25 -26 -27 27 -29 -30 -31
leaf_value=0.0055174638109772535 0.027193115654446667 -0.049848684528116485 0.019761166114201742 0.0040792393668970832 0.065396082978873421 -0.014451900032566238 0.04563513626562582 0.054176804055564444 -0.04122679838251142 0.038036747299202742 -0.0095989535304485223 0.094747092223679608 0.040957672461073888 0.044936266058901587 0.047649615837068393 0.046876973118990112 -0.0041206575458709975 0.0096762678594159799 0.0018025195619646114 0.053239692294560409 0.013266070134963205 0.09055673383154117 -0.014958423247134527 0.025148279630776094 0.009968511712710593 0.089485863457769377 -0.027881446408986918 -0.04817258470306101 0.070030133881215442 -0.041272226043205101
leaf_weight=14910.18407984823 4514.3451622352004 7033.2896853592247 685.19296224787831 1723.3836018592119 1227.7449240870774 16618.82799879089 1439.9603927768767 941.80943246930838 3093.2799117863178 1268.3180233612657 760.83036789670587 93.588504172861576 2516.5190904736519 1740.6291840113699 393.52959310635924 1387.1535389311612 13055.863752447069 527.16787712648511 2616.7894203085452 1067.6464255973697 673.37415515817702 2690.6750599443913 1042.1003711055964 4878.4110043905675 591.88246983662248 2083.8154132738709 5473.5685426462442 9034.3067560847849 1721.150400288403 3718.9728121999651
leaf_count=389512 96745 252423 16625 42108 17292 492139 28700 13985 107253 23636 20140 1997 40088 27822 4658 20869 358528 10394 64543 13672 13558 28928 30422 105193 12594 25209 196445 324239 23224 133473
internal_value=0 -0.0186644 0.0319647 0.0401021 0.0471935 -0.00474838 0.0394905 0.0495294 -0.0268794 0.0685751 0.025581 0.0620077 0.0202938 0.0650129 0.0781956 0.0704563 0.00101794 0.022502 0.0127477 0.021015 0.0377791 0.0855301 -0.00118565 0.0298172 0.0350569 0.0805547 -0.0432265 -0.0406712 0.0596975 -0.0332989
internal_weight=0 69845 39679.3 34858.7 25669.1 44584.9 16887.9 9808.68 4820.57 5294.33 7079.2 8781.25 9189.6 8160.49 4026.01 6419.86 27966 620.756 6081.19 3464.4 1741.02 3084.2 1727.29 6318.37 3108.4 3311.56 25260.1 18226.8 3108.3 9192.54
internal_count=2936414 2146759 789655 635355 448792 1240179 321985 167952 154300 71207 154033 126807 186563 114416 47571 86594 748040 12391 133881 69338 27230 33586 47047 133893 52682 42501 906580 654157 44093 329918
cat_boundaries=0 1
cat_threshold=2
is_linear=0
shrinkage=0.05


Tree=8
num_leaves=31
num_cat=1
split_feature=8 10 5 0 6 0 8 10 10 8 10 10 8 10 7 10 0 3 1 8 10 4 6 10 4 10 1 4 5 6
split_gain=23156.6 9196.27 6602.11 1610.17 1007.5 916.469 746.008 711.358 685.811 485.901 625.271 366.785 347.754 272.901 264.165 255.856 235.511 213.273 193.796 192.363 336.174 219.422 188.066 179.304 175.519 409.374 172.331 162.638 159.264 158.266
threshold=1.0000000180025095e-35 1.0000000180025095e-35 1484.5000000000002 4.5000000000000009 0.058217733103359606 3.5000000000000004 2.5000000000000004 1.0000000180025095e-35 4.5000000000000009 1.5000000000000002 1.0000000180025095e-35 1.0000000180025095e-35 2.5000000000000004 1.5000000000000002 7.5000000000000009 3.5000000000000004 1.0000000180025095e-35 0 1.0000000180025095e-35 1.5000000000000002 1.0000000180025095e-35 2998.5000000000005 0.0311392946285057 1.5000000000000002 1832.5000000000002 2.5000000000000004 1.0000000180025095e-35 12243.500000000002 2031.5000000000002 0.046512605946086576
decision_type=2 2 2 2 2 2 2 2 2 2 2 2 2 2 2 2 2 1 2 2 2 2 2 2 2 2 2 2 2 2
left_child=1 5 3 4 6 16 9 -6 23 10 -2 -11 19 -12 26 18 -1 -9 -8 20 -5 -22 -17 -4 -3 29 -13 -14 -10 -26
right_child=2 24 8 12 7 -7 15 17 28 11 13 14 27 -15 -16 22 -18 -19 -20 -21 21 -23 -24 -25 25 -27 -28 -29 -30 -31
leaf_value=0.0084104311334932593 0.024580693539037638 -0.049698442448420352 0.018428776862990371 0.0038604716827936904 0.041225502812370085 -0.013920078193389241 0.058391390471260754 0.094538178234044576 -0.024659084999880156 0.031708350883053148 0.061459398637464281 0.042709811566220973 0.037267288142281224 0.033166673287624793 -0.0079869216302287781 0.08251915289493944 -0.0018596679417151461 0.065640074016530381 0.037666330059030487 0.0017094968262608493 0.050111239093675888 0.014877183261417626 0.0082706243449208305 -0.014414594668881437 -0.027211979558247831 -0.047949426415109242 0.0049867981431171958 0.0068063268921492188 -0.049069154968970546 -0.040807204621285155
leaf_weight=7700.5131118968129 3838.2413561046124 6709.9911328721792 697.66212191805243 1729.8230907171965 2560.1184146367013 16396.842832874507 5091.8740389831364 1178.493463229388 1013.2892153039575 3046.7089257836342 2786.5737229846418 597.43834579735994 2679.6670459061861 1227.8589838817716 1460.8089776150882 101.84968375042081 20291.777178958058 2228.9148425124586 1448.9284564182162 2621.1093802060932 1012.9320170916617 783.77956013195217 524.3927896246314 1027.7193446177989 5331.4724574424326 8632.694251857698 613.79785691946745 523.87143409624696 1962.231599573046 3576.8992778733373
leaf_count=195861 80272 252423 16625 42108 46594 492139 66981 13679 33859 61906 33888 13287 42022 22458 33777 1997 552179 27247 22786 64543 12264 14966 10272 30422 196445 324239 13648 10660 73394 133473
internal_value=0 -0.0180604 0.0295188 0.0367848 0.0430371 -0.00453302 0.0378276 0.0611414 -0.0262139 0.0309362 0.0390099 0.0198498 0.0189289 0.0528058 0.00632849 0.0508772 0.000965575 0.0761049 0.0538003 0.0119686 0.0195936 0.0347411 0.0203461 -0.0011343 -0.0428209 -0.04019 0.0235936 0.032286 -0.0407565 -0.0326707
internal_weight=0 68640.2 40758.1 36057.2 26706 44389.1 20738.5 5967.53 4700.9 13571.4 7852.67 5718.75 9351.18 4014.43 2672.05 7167.04 27992.3 3407.41 6540.8 6147.64 3526.53 1796.71 626.242 1725.38 24251.1 17541.1 1211.24 3203.54 2975.52 8908.37
internal_count=2936414 2146759 789655 635355 448792 1240179 361272 87520 154300 259236 136618 122618 186563 56346 60712 102036 748040 40926 89767 133881 69338 27230 12269 47047 906580 654157 26935 52682 107253 329918
cat_boundaries=0 1
cat_threshold=89
is_linear=0
shrinkage=0.05


Tree=9
num_leaves=31
num_cat=0
split_feature=8 10 5 0 0 8 10 8 10 6 6 10 10 10 9 10 7 6 10 4 10 7 0 6 1 4 10 8 10 10
split_gain=20708.2 8847.31 5763.03 1396.84 843.365 756.199 665.843 496.133 868.044 471.318 399.78 327.363 326.56 320.796 255.448 240.644 218.288 194.252 191.656 180.087 415.292 172.713 170.105 157.489 152.314 149.699 148.208 138.311 218.643 145.745
threshold=1.0000000180025095e-35 1.0000000180025095e-35 1484.5000000000002 1.5000000000000002 2.5000000000000004 2.5000000000000004 5.5000000000000009 1.5000000000000002 1.0000000180025095e-35 0.046928073148435327 0.056699445425781217 1.0000000180025095e-35 1.0000000180025095e-35 1.5000000000000002 0.13680926916221037 1.0000000180025095e-35 7.5000000000000009 0.050762960583242721 1.5000000000000002 1832.5000000000002 2.5000000000000004 1.5000000000000002 5.5000000000000009 0.046512605946086576 1.0000000180025095e-35 2499.5000000000005 1.5000000000000002 1.5000000000000002 1.0000000180025095e-35 1.5000000000000002
decision_type=2 2 2 2 2 2 2 2 2 2 2 2 2 2 2 2 2 2 2 2 2 2 2 2 2 2 2 2 2 2
left_child=1 4 3 10 21 7 18 8 -5 25 14 -12 -9 15 27 -7 -14 -17 -4 -3 23 -1 -6 -21 -23 -10 -11 28 -2 -29
right_child=2 19 6 5 22 13 -8 12 9 26 11 -13 16 -15 -16 17 -18 -19 -20 20 -22 24 -24 -25 -26 -27 -28 29 -30 -31
leaf_value=0.0071879694627639745 0.030729269655133201 -0.049548132550117002 0.017208211783807725 0.011642284212267302 -0.0080671923471460748 0.035862659234068513 -0.042063144714919953 0.020612608007246628 0.042328559592691793 0.058220295675217151 0.043946904301419565 0.075480420781940116 0.012922830047677506 0.018570756111173658 0.055334156945806783 0.039082618035815649 -0.013411276202673912 0.065850870243445214 -0.015290866788281204 -0.026542492758395587 -0.047722999395797612 0.0066207564879616973 -0.017310206114401514 -0.040332983506456539 -0.0056056675190969685 0.011506621026306564 0.027694471760545049 0.034962298445829848 0.055685323992249874 0.0091766819042636508
leaf_weight=10548.646122790873 1684.2654324881732 6401.6192094907165 709.47392806783319 4364.3694087937474 14418.134052280337 4091.3380686789751 2619.244436506182 3488.3316306434572 587.03010800108314 2714.5093130506575 1432.6561949178576 1934.2649599798024 1432.5294769629836 1573.0744937546551 2587.0004248321056 1148.2744841985404 1746.0990475527942 1653.954405516386 1258.092980703339 5196.1346805561334 8249.6602176036686 3767.2047257386148 7602.363304272294 3441.4542589802295 7866.4004143066704 1197.7166992872953 465.87008929625154 2552.3974048011005 1832.6130530815572 697.82121969386935
leaf_count=276466 32558 252423 16625 98132 426365 62758 98320 77131 6914 28758 23365 20683 33436 29969 32353 14625 42047 17912 39355 196445 324239 98770 232255 133473 206323 23960 7276 44114 23731 15633
internal_value=0 -0.0174667 0.0273268 0.0338496 -0.00432651 0.0268614 -0.025552 0.0204659 0.0279096 0.0422087 0.0472884 0.0620626 0.0100493 0.0389448 0.0419706 0.043594 -0.00154314 0.054882 -0.00357221 -0.0424069 -0.0396998 0.00255469 -0.0112583 -0.032037 -0.0016465 0.0216444 0.0537488 0.0368618 0.0437336 0.0294261
internal_weight=0 67491.6 41770.9 37184.1 44202.7 24463.1 4586.81 15996.5 9329.5 4965.13 12721 3366.92 6666.96 8466.64 9354.1 6893.57 3178.63 2802.23 1967.57 23288.9 16887.2 22182.3 22020.5 8637.59 11633.6 1784.75 3180.38 6767.1 3516.88 3250.22
internal_count=2936414 2146759 789655 635355 1240179 442918 154300 317654 165040 66908 192437 44048 152614 125264 148389 95295 75483 32537 55980 906580 654157 581559 658620 329918 305093 30874 36034 116036 56289 59747
is_linear=0
shrinkage=0.05


Tree=10
num_leaves=31
num_cat=2
split_feature=8 10 10 1 5 0 9 8 0 10 6 10 0 10 3 10 4 8 0 0 4 10 3 9 6 6 8 5 6 0
split_gain=18549.2 8502.89 5084.44 1267.25 921.82 779.346 728.273 786.418 508.793 441.674 320.289 321.528 311.864 282.092 268.619 237 464.616 227.522 219.669 207.218 184.67 420.914 174.982 159.421 156.492 155.693 142.982 130.734 130.33 125.862
threshold=1.0000000180025095e-35 1.0000000180025095e-35 3.5000000000000004 1.0000000180025095e-35 1679.5000000000002 3.5000000000000004 0.11583184257602865 1.5000000000000002 4.5000000000000009 1.0000000180025095e-35 0.0311392946285057 8.5000000000000018 1.0000000180025095e-35 1.5000000000000002 0 1.0000000180025095e-35 2371.5000000000005 1.5000000000000002 6.5000000000000009 1.5000000000000002 1832.5000000000002 2.5000000000000004 1 0.10084745762711866 0.046512605946086576 0.065309084446550772 2.5000000000000004 1001.5000000000001 0.052633987935786011 2.5000000000000004
decision_type=2 2 2 2 2 2 2 2 2 2 2 2 2 2 1 2 2 2 2 2 2 2 1 2 2 2 2 2 2 2
left_child=1 5 3 6 10 19 7 9 13 -2 11 29 -8 15 -9 -5 17 -17 25 -1 -3 24 -11 -16 -22 -14 -19 -12 -18 -4
right_child=2 20 4 8 -6 -7 12 14 -10 22 27 -13 18 -15 23 16 28 26 -20 -21 21 -23 -24 -25 -26 -27 -28 -29 -30 -31
leaf_value=0.0048840482688548448 0.020224023242227832 -0.049397385471764338 0.098937324143368921 0.023896639295403439 -0.041505279730969326 -0.012933508765049546 0.068937024847003037 0.03125667624843062 0.005885255275329352 0.06345873929426081 0.002542136508038452 -0.0018590599702123095 0.045821564019977806 0.0041534475795201985 0.0015673408060363301 0.073467891645062691 0.013582090096357125 0.014898335544957146 0.023130797510623594 -0.0037391694933356853 -0.025873683644714998 -0.047492860854065871 0.042597706205712058 0.023344085877128083 -0.039849380954157049 0.068138376071567947 0.059780172647466212 -0.023428085928689391 0.050735794503697487 0.034737514427066706
leaf_weight=15069.428956486285 1456.8731052950025 6107.5264849606901 158.61837841570377 6983.8757717832923 2646.5994607228786 15999.563659127802 1747.1238859519362 2499.2598743960261 4123.3759547322989 1975.7888445984572 1016.3190101813525 356.14123412966728 6104.601919606328 1273.5527420379221 2213.4392650872469 1005.0218762084842 1273.080851174891 368.59646828100085 956.33231201767921 12956.733390260488 5067.2460202965885 7884.3953707739711 2602.167649704963 1354.8558721169829 3312.3443923741579 896.2725306712091 342.19299700856209 926.23225541226566 289.76173555105925 147.17923674359918
leaf_count=389512 31057 252423 3615 133253 103951 492139 19287 48710 87977 20406 20678 9291 81751 28254 46793 8960 22234 7155 14580 358528 196445 324239 30933 26325 133473 10477 3368 23424 3404 3772
internal_value=0 -0.0168837 0.0253537 0.0318116 -0.0207234 -0.00412891 0.0396041 0.0314219 0.0209602 0.0442021 0.000394551 0.0304316 0.0498082 0.0263484 0.0187107 0.0291028 0.0401924 0.058156 0.0456082 0.000897461 -0.0419843 -0.0392005 0.0518327 0.00980833 -0.0313981 0.0486786 0.0365056 -0.00984078 0.0204706 0.0680382
internal_weight=0 66397.2 42717.3 37466.2 5251.09 44025.7 21806.7 12102.4 15659.5 6034.83 2604.49 661.939 9704.33 11536.1 6067.56 10262.5 3278.65 1715.81 7957.21 28026.2 22371.5 16264 4577.96 3568.3 8379.59 7000.87 710.789 1942.55 1562.84 305.798
internal_count=2936414 2146759 789655 624924 164731 1240179 330319 204224 294605 82396 60780 16678 126095 206628 121828 178374 45121 19483 106808 748040 906580 654157 51339 73118 329918 92228 10523 44102 25638 7387
cat_boundaries=0 1 2
cat_threshold=121 601
is_linear=0
shrinkage=0.05


Tree=11
num_leaves=31
num_cat=0
split_feature=8 10 5 0 0 10 10 8 6 10 10 8 9 7 4 10 7 1 10 7 6 10 10 8 8 6 10 0 6 10
split_gain=16638.4 8163.73 4510.7 1131.52 714.416 537.513 536.746 410.944 395.795 325.652 268.764 600.444 260.667 197.982 189.251 426.202 155.809 242.755 180.263 166.058 155.273 152.049 141.769 147.316 206.5 137.028 133.793 128.517 119.339 108.7
threshold=1.0000000180025095e-35 1.0000000180025095e-35 1579.5000000000002 2.5000000000000004 3.5000000000000004 1.5000000000000002 5.5000000000000009 2.5000000000000004 0.056699445425781217 1.0000000180025095e-35 1.0000000180025095e-35 1.5000000000000002 0.13680926916221037 1.0000000180025095e-35 1832.5000000000002 2.5000000000000004 11.500000000000002 1.0000000180025095e-35 1.5000000000000002 1.5000000000000002 0.046512605946086576 1.5000000000000002 1.0000000180025095e-35 3.5000000000000004 4.5000000000000009 0.051228253592685326 1.0000000180025095e-35 1.0000000180025095e-35 0.081200480379312504 3.5000000000000004
decision_type=2 2 2 2 2 2 2 2 2 2 2 2 2 2 2 2 2 2 2 2 2 2 2 2 2 2 2 2 2 2
left_child=1 4 3 8 13 7 21 10 12 -10 -5 25 16 -1 -3 20 17 -2 -18 26 -16 -4 -9 -24 -25 -12 -19 -15 -11 -7
right_child=2 14 6 5 -6 29 -8 22 9 28 11 -13 -14 27 15 -17 18 19 -20 -21 -22 -23 23 24 -26 -27 -28 -29 -30 -31
leaf_value=0.0072058169879823455 0.043008369624859419 -0.049245851300336971 0.013434269934126525 0.011272169099154426 -0.012439952305693024 0.0087210001932705727 -0.042748371753236133 0.028270531774825965 0.034217509178329247 0.055544349527591387 0.028190968867284047 0.0014173589073040128 0.043413584813953028 0.0047297508210449616 -0.025206261041404644 -0.047258581281490686 0.025332653130791111 0.032941939227235734 -0.0050575548790347657 0.021275956177680969 -0.039356272432481354 -0.017192684637143955 0.059765343747943678 0.010641847494773973 0.050763508691192533 0.049812788413903922 0.081262968558106052 -0.0043988248870901886 0.085819916632963039 -0.010005506237519439
leaf_weight=8530.1606604792178 3145.0746484231204 5827.089037751779 641.50191221013665 6109.9835457168519 15807.631275177002 2080.8064761627465 2288.0527252554893 3266.2924321778119 2266.5693941004574 2731.1821576356888 1302.0455989688635 1482.7163464054465 4145.2470914535224 5288.5027794018388 4944.5097258221358 7536.1200219877064 2180.3106760270894 450.18458210304379 628.64507093466818 4048.322420058772 3189.2872538734227 1100.3381940163672 934.11833257228136 555.77922527864575 758.22114584222436 1675.9567696042359 210.11074746772647 14230.56441250816 369.53017419204116 1234.7651101276278
leaf_count=226208 48678 252423 14608 137686 492139 41809 93644 49069 35468 27422 17987 33662 50039 132820 196445 324239 34529 8381 13006 70852 133473 35617 9301 8064 8088 16200 2614 389012 3501 29430
internal_value=0 -0.0163115 0.0235681 0.0286997 -0.00393927 0.0200781 -0.0268271 0.0238566 0.0369903 0.0486226 0.0180844 0.0274152 0.032774 0.000851443 -0.0415526 -0.0386918 0.0286378 0.0322524 0.0185313 0.0250681 -0.0307545 -0.00591309 0.0349216 0.044585 0.0337934 0.0403593 0.048318 -0.00192553 0.0591525 0.00174699
internal_weight=0 65353.9 43605.8 39575.9 43856.9 19400.7 4029.89 16085.1 20175.2 5367.28 10570.7 4460.72 14807.9 28049.2 21497 15669.9 10662.6 7853.69 2808.96 4708.62 8133.8 1741.84 5514.41 2248.12 1314 2978 660.295 19519.1 3100.71 3315.57
internal_count=2936414 2146759 789655 645786 1240179 351296 143869 280057 294490 66391 205535 67849 228099 748040 906580 654157 178060 130525 47535 81847 329918 50225 74522 25453 16152 34187 10995 521832 30923 71239
is_linear=0
shrinkage=0.05


Tree=12
num_leaves=31
num_cat=1
split_feature=8 10 5 0 0 6 10 8 10 8 10 10 10 7 4 10 10 6 6 0 10 3 7 1 10 10 6 9 10 1
split_gain=14942.6 7830.1 3991.02 984.862 655.354 542.85 521.377 399.221 336.378 299.205 327.074 277.995 256.285 200.754 193.814 431.121 187.357 184.164 153.833 150.623 148.771 147.478 144.328 163.966 142.193 138.527 130.53 125.681 124.228 110.29
threshold=1.0000000180025095e-35 1.0000000180025095e-35 1579.5000000000002 4.5000000000000009 2.5000000000000004 0.058217733103359606 5.5000000000000009 2.5000000000000004 1.0000000180025095e-35 1.5000000000000002 1.0000000180025095e-35 1.0000000180025095e-35 1.5000000000000002 7.5000000000000009 1832.5000000000002 2.5000000000000004 1.0000000180025095e-35 0.056699445425781217 0.046512605946086576 5.5000000000000009 1.5000000000000002 0 2.5000000000000004 1.0000000180025095e-35 1.5000000000000002 1.5000000000000002 0.0311392946285057 0.11483516483516486 5.5000000000000009 1.0000000180025095e-35
decision_type=2 2 2 2 2 2 2 2 2 2 2 2 2 2 2 2 2 2 2 2 2 1 2 2 2 2 2 2 2 2
left_child=1 4 3 5 22 7 25 9 -7 10 -2 -11 16 29 -3 18 27 -18 -16 -6 -9 -10 -1 -24 -12 -4 -22 -5 -28 -13
right_child=2 14 6 12 19 8 -8 20 21 11 24 13 -14 -15 15 -17 17 -19 -20 -21 26 -23 23 -25 -26 -27 28 -29 -30 -31
leaf_value=0.0055229271787539756 0.018376869748595592 -0.049093165574731611 0.012603954367538027 0.0037560883630163161 -0.0069890782287233182 0.030300382223799317 -0.042339907274204086 0.039888761021625994 0.063015123608610349 0.024041564844232026 0.043342978570332376 0.031054591300025993 -0.0043420259826306975 -0.0094880309226323331 -0.02454094328104256 -0.047019729629179649 0.016920535973565878 0.0407689100166993 -0.038853562271156099 -0.015836650707188177 0.066973319156451966 0.042650324376594433 0.0053601689974934769 -0.0083950546219720389 0.024319947637241088 -0.016604851384398395 0.025127073383717682 0.019956830472049724 -0.014383842608413086 0.0024534687063882173
leaf_weight=13381.956939954311 4178.102507866919 5559.7064550574869 649.36505472287536 2887.8456931523979 14085.122922051698 2876.602592729032 2196.9344563428313 6436.448776870966 1945.7579359970987 3349.7437253072858 3270.2770939990878 683.3223830666393 1737.3539422005415 1536.6808336991817 4827.6422189548612 7204.0846789740026 2223.84682771191 1272.8588380627334 3072.0118554867804 7305.3644883818924 160.45737464539707 2130.3235615044832 3703.4341176599264 5220.4450196176767 1404.0977163948119 1082.7825250010937 1476.6799660418183 2044.7688406892121 229.91721856407821 665.17494336329401
leaf_count=347583 80691 252423 14608 65989 426365 46594 93644 73472 18861 62095 34289 13720 38420 35183 196445 324239 34141 16039 133473 232255 3074 22065 96431 137545 23897 35617 23175 35053 4735 14293
internal_value=0 -0.0157507 0.0219461 0.0266126 -0.0037578 0.0311253 -0.0261671 0.0274792 0.0433919 0.0226332 0.0285425 0.0142432 0.0131441 0.00286714 -0.0411118 -0.0381738 0.0167482 0.0256017 -0.0301068 -0.0100107 0.0362842 0.0526309 0.00223855 -0.0026866 0.0376288 -0.00565476 0.0238579 0.010472 0.0198041 0.0169465
internal_weight=0 64359.8 44439.3 40510.3 43696.3 30343.6 3929.08 23390.9 6952.68 15087.4 8852.48 6234.92 10166.7 2885.18 20663.4 15103.7 8429.32 3496.71 7899.65 21390.5 8303.5 4076.08 22305.8 8923.88 4674.37 1732.15 1867.05 4932.61 1706.6 1348.5
internal_count=2936414 2146759 789655 645786 1240179 456144 143869 368624 87520 264168 138877 125291 189642 63196 906580 654157 151222 50180 329918 658620 104456 40926 581559 233976 58186 50225 30984 101042 27910 28013
cat_boundaries=0 1
cat_threshold=121
is_linear=0
shrinkage=0.05


Tree=13
num_leaves=31
num_cat=3
split_feature=8 10 5 0 0 5 10 8 8 10 1 7 4 10 10 0 1 6 10 10 6 3 7 7 10 7 7 8 3 3
split_gain=13435.1 7502.4 3549.29 883.934 604.948 540.861 470.629 414.623 238.984 626.126 219.849 220.607 198.343 435.634 189.096 171.525 161.987 158.293 268.289 212.092 152.17 149.795 147.584 140.289 143.867 122.977 120.059 117.172 113.355 107.578
threshold=1.0000000180025095e-35 1.0000000180025095e-35 1654.5000000000002 1.5000000000000002 3.5000000000000004 706.50000000000011 4.5000000000000009 2.5000000000000004 1.5000000000000002 1.0000000180025095e-35 1.0000000180025095e-35 11.500000000000002 1832.5000000000002 2.5000000000000004 1.5000000000000002 1.0000000180025095e-35 1.0000000180025095e-35 0.031498310962492573 7.5000000000000009 3.5000000000000004 0.046512605946086576 0 5.5000000000000009 9.5000000000000018 1.0000000180025095e-35 13.500000000000002 1.5000000000000002 4.5000000000000009 1 2
decision_type=2 2 2 2 2 2 2 2 2 2 2 2 2 2 2 2 2 2 2 2 2 1 2 2 2 2 2 2 1 1
left_child=1 4 3 10 15 7 -4 8 9 -5 11 29 -3 20 27 -1 25 18 -7 -19 -14 -11 -12 -10 -25 -9 -17 28 -13 -2
right_child=2 12 6 5 -6 17 -8 16 23 21 22 14 13 -15 -16 26 -18 19 -20 -21 -22 -23 -24 24 -26 -27 -28 -29 -30 -31
leaf_value=0.0070511789782517435 0.029825223425831628 -0.048938986750024845 -0.0045889841634503123 0.0083929584559567921 -0.011525924464656378 0.066265705444455522 -0.04181953414105638 0.041185854647406261 0.015939651946903204 0.018400607934914506 0.032935917912473876 0.041969126389175361 -0.023878450675007715 -0.046775887272353503 0.0084244480243134533 0.0024196574474200407 0.017165348689180768 0.0053590623912323429 -0.0055499029507358162 -0.023359135126219243 -0.038341205984127436 0.039869030651351056 0.015985770455264801 0.009623164358362718 -0.014903903906228925 0.027571691472097024 -0.0052993087581115275 0.049478782466925143 0.018927926769842021 0.050040727902215136
leaf_weight=7870.4670068845153 931.26028357073665 5304.8013626206666 1388.1101680584252 4260.9285203590989 15463.476007886231 237.81034360453486 2184.8809005506337 3388.5794010721147 3502.2915036827326 1129.4926442764699 3441.1422534082085 1010.7402361109853 4716.3723623659462 6887.5682347454131 771.60010270960629 9555.9150322601199 1685.7615353316069 2310.213979806751 286.99208795279264 890.81641528569162 2960.2581481877714 3580.6756758615375 2048.7900645397604 1616.0061014965177 948.9651049990207 3249.3761888407171 10653.828863628209 1075.4066563732922 1261.3401767425239 4019.976266194135
leaf_count=195861 12262 252423 38682 90885 492139 5537 97368 38856 73515 12863 52293 13534 196445 324239 13861 258663 24645 46105 7498 22048 133473 36922 31276 33725 21871 41234 293516 9747 17659 47269
internal_value=0 -0.0152016 0.0204693 0.0245721 -0.00358423 0.0192317 -0.0273554 0.0220532 0.0170975 0.0222811 0.0345075 0.0392874 -0.0406615 -0.0376465 0.0307382 0.000789174 0.0310065 0.00154 0.0269928 -0.00263294 -0.0294556 0.0348446 0.0266103 0.0094331 0.000548859 0.0345215 -0.0016495 0.0358816 0.0294459 0.0463998
internal_weight=0 63412.7 45221.2 41648.2 43543.7 27087.9 3572.99 23362.1 15038.4 8971.1 14560.3 9070.32 19869 14564.2 4119.09 28080.2 8323.72 3725.83 524.802 3201.03 7676.63 4710.17 5489.93 6067.26 2564.97 6637.96 20209.7 3347.49 2272.08 4951.24
internal_count=2936414 2146759 789655 653605 1240179 455704 136050 374516 269781 140670 197901 114332 906580 654157 54801 748040 104735 81188 13035 68153 329918 49785 83569 129111 55596 80090 552179 40940 31193 59531
cat_boundaries=0 1 2 3
cat_threshold=130 121 2
is_linear=0
shrinkage=0.05


Tree=14
num_leaves=31
num_cat=2
split_feature=8 10 10 5 0 1 0 9 8 10 4 10 10 0 7 3 7 6 1 0 7 10 6 10 5 6 6 0 3 5
split_gain=12090.2 7181.16 3172.36 795.136 770.749 603.297 553.558 369.163 381.464 236.779 202.818 439.708 198.302 185.45 176.626 171.894 160.03 150.288 145.554 142.528 129.254 124.464 288.196 119.811 239.506 108.901 107.532 101.27 98.1239 97.2381
threshold=1.0000000180025095e-35 1.0000000180025095e-35 3.5000000000000004 2002.5000000000002 1.0000000180025095e-35 1.0000000180025095e-35 3.5000000000000004 0.11583184257602865 1.5000000000000002 1.5000000000000002 1832.5000000000002 2.5000000000000004 1.0000000180025095e-35 5.5000000000000009 9.5000000000000018 0 1.0000000180025095e-35 0.046512605946086576 1.0000000180025095e-35 6.5000000000000009 5.5000000000000009 9.5000000000000018 0.023286037916649713 1.0000000180025095e-35 51.500000000000007 0.05279106741901874 0.07874736811744687 1.5000000000000002 1 7.5000000000000009
decision_type=2 2 2 2 2 2 2 2 2 2 2 2 2 2 2 1 2 2 2 2 2 2 2 2 2 2 2 2 1 2
left_child=1 6 4 14 18 7 16 8 12 13 -3 17 -6 20 21 -10 -1 -12 -2 26 23 22 -4 -7 -25 -26 -9 -18 -24 -14
right_child=2 10 3 -5 5 9 -8 19 15 -11 11 -13 29 -15 -16 -17 27 -19 -20 -21 -22 -23 28 24 25 -27 -28 -29 -30 -31
leaf_value=0.0064105931433680085 0.044121288726128312 -0.048782958678988755 0.071539773770813733 -0.046138446240925578 0.012007491506788467 0.017209843295711895 -0.011071444362441243 0.034769891196095526 0.0011574353077887084 -0.0061570836648109943 -0.023219503654209897 -0.046526643977447726 0.013375664409174599 0.0027452404396341064 -0.015904811832100473 0.019102676697873199 0.0016070483480702278 -0.037819193212869986 0.029659948810162873 0.016238416052267259 0.01005479140123659 -0.019565150097861042 0.033537765953379921 0.053504118985547022 0.0098501055199075697 0.040614487516215395 0.065750411209939449 -0.0056233051263739507 -0.0029216309493505619 0.037130080696618571
leaf_weight=8641.6971973404288 4414.2711999863386 5061.818954559043 189.63623729534447 1724.7082122266293 1293.5658970810473 4276.1016212627292 15297.654424877837 7612.8401931747794 2608.4423082452267 1513.0928676258773 4610.4407277610153 6585.8785715401173 487.07094429805875 2540.9272597357631 1587.4890994019806 2739.2485446557403 10381.143126081675 2853.7767733018845 2872.1082373280078 1042.2440164014697 3433.3416283689439 335.6509362757206 223.77245075069368 793.88446650654078 965.69216612353921 409.69482223317027 290.78936054185033 9077.6473908312619 874.00525232963264 3729.8135414775461
leaf_count=226208 50772 252423 5206 80557 26473 81662 492139 89354 52086 34127 196445 324239 4427 50913 42956 51330 266988 133473 43550 14580 56191 10387 5262 7979 16045 4138 2874 254844 20363 38423
internal_value=0 -0.0146642 0.0191175 -0.0187563 0.0236738 0.0204888 -0.00341794 0.026097 0.0199007 0.0125173 -0.0402016 -0.03711 0.0291329 0.0147924 -0.00404658 0.0103874 0.000748564 -0.0288014 0.038421 0.0336179 0.017891 0.00755173 0.0146216 0.0220653 0.0316363 0.0190141 0.0359097 -0.00176596 0.00478919 0.0343863
internal_weight=0 62510.1 45958.4 4935.26 41023.1 33736.7 43398.1 19804 10858.1 13932.7 19111.9 14050.1 5510.45 12419.6 3210.55 5347.69 28100.5 7464.22 7286.38 8945.87 9878.71 1623.06 1287.41 6445.37 2169.27 1375.39 7903.63 19458.8 1097.78 4216.88
internal_count=2936414 2146759 789655 164731 624924 530602 1240179 279547 172739 251055 906580 654157 69323 216928 84174 103416 748040 329918 94322 106808 166015 41218 30831 109824 28162 20183 92228 521832 25625 42850
cat_boundaries=0 1 2
cat_threshold=390 512
is_linear=0
shrinkage=0.05


Tree=15
num_leaves=31
num_cat=1
split_feature=9 10 5 0 0 10 3 10 9 1 10 4 8 1 7 7 0 7 9 8 9 1 10 10 10 10 4 6 7 8
split_gain=10888.1 6737.09 2829.09 717.41 510.233 437.662 321.604 303.485 252.886 216.861 193.322 484.52 346.016 193.056 162.178 138.741 129.908 120.879 120.372 125.46 117.554 146.939 116.191 110.674 105.701 102.576 90.3961 102.028 89.6399 85.4739
threshold=0.051503094606542892 1.0000000180025095e-35 1654.5000000000002 3.5000000000000004 2.5000000000000004 5.5000000000000009 0 1.5000000000000002 0.14760348583878 1.0000000180025095e-35 2.5000000000000004 6127.5000000000009 1.0000000180025095e-35 1.0000000180025095e-35 13.500000000000002 11.500000000000002 5.5000000000000009 5.5000000000000009 0.11583184257602865 1.5000000000000002 0.043961352657004842 1.0000000180025095e-35 1.5000000000000002 1.5000000000000002 1.0000000180025095e-35 1.5000000000000002 1199.5000000000002 0.030613433832333826 1.5000000000000002 1.5000000000000002
decision_type=2 2 2 2 2 2 1 2 2 2 2 2 2 2 2 2 2 2 2 2 2 2 2 2 2 2 2 2 2 2
left_child=1 4 3 6 20 23 8 13 14 15 11 12 25 18 -2 -8 28 24 19 -5 21 -1 -17 -4 -11 -3 -26 29 -6 -28
right_child=2 10 5 7 16 -7 9 -9 -10 17 -12 -13 -14 -15 -16 22 -18 -19 -20 -21 -22 -23 -24 -25 26 -27 27 -29 -30 -31
leaf_value=0.0050477877136280748 0.020086066729526158 -0.047589042744705719 0.010385036786329419 0.024433942438640218 -0.0016646304227884514 -0.042563896368790669 0.04313389765945419 -0.0030383564151191074 0.031465090076852678 0.022337951662104363 -0.046217942358743706 -0.02430857446132223 0.068516521759313095 0.0085903880933292358 0.0041694825466043542 0.03336949498610902 -0.014386125360865554 0.013094321030124235 0.028114414686154072 0.0065400766175197529 0.0048760376072124658 -0.0079675008382982578 0.0065569430343982178 -0.017057266352782426 0.056411182416440657 -0.026442209119022161 0.24224764219879158 0.023838271218840551 -0.009735032974412812 0.034488433213880364
leaf_weight=3734.2482750080526 8848.4303038511425 6034.5238457862288 598.57600954920053 1902.824052490294 6307.4947454817593 1830.8710924442858 4417.4614324551076 2542.2244062535465 4367.3338733781129 1803.1124442964792 6466.9846530240029 5370.8586671575904 67.118960481137037 5240.3066142015159 1953.7921561207622 3094.150701392442 7090.2639991417527 1718.1191689968109 3363.3063401319087 2018.8920796439052 13629.083625998348 5172.1068471558392 464.74095235206187 951.3289963491261 547.60745613276958 633.66447564400733 9.9978049267083424 544.38529105484486 7570.3627665042877 9.8062317837029678
leaf_count=96798 136354 308760 13205 24516 193860 88525 49884 55450 48597 31094 331880 238079 959 100634 30781 37920 233331 26419 41865 41780 349596 137554 8138 32758 4691 31240 211 6958 234324 253
internal_value=0 -0.0140292 0.0180228 0.0214973 -0.00326644 -0.0260117 0.0262623 0.0127125 0.0212981 0.0321921 -0.0392385 -0.0355102 -0.0444425 0.0159094 0.0172072 0.037215 -0.00888009 0.0236139 0.0211742 0.0152222 0.00195678 -0.00251046 0.0298682 -0.006459 0.0298144 -0.0455795 0.0419398 0.0278937 -0.00606703 0.139373
internal_weight=0 62076.7 46227.3 42846.5 43503.6 3380.78 27778.9 15067.6 15169.6 12609.4 18573.2 12106.2 6735.31 12525.3 10802.2 7976.35 20968.1 4633.03 7285.02 3921.72 22535.4 8906.36 3558.89 1549.91 2914.91 6668.19 1111.8 564.189 13877.9 19.804
internal_count=2936414 2156381 780033 645545 1245463 134488 381300 264245 215732 165568 910918 579038 340959 208795 167135 95942 661515 69626 108161 66296 583948 234352 46058 45963 43207 340000 12113 7422 428184 464
cat_boundaries=0 1
cat_threshold=390
is_linear=0
shrinkage=0.05


Tree=16
num_leaves=31
num_cat=2
split_feature=8 10 10 0 0 1 5 7 9 10 5 4 10 0 6 10 3 3 6 7 8 10 4 5 6 7 0 7 10 7
split_gain=9811.61 6560.07 2606.82 668.679 470.341 446.832 392.491 284.679 343.024 250.977 231.375 212.367 447.544 186.735 173.082 207.465 165.196 160.922 147.962 136.825 125.781 110.679 197.133 107.476 340.454 96.5188 94.6892 91.9814 89.2177 77.0424
threshold=1.0000000180025095e-35 1.0000000180025095e-35 5.5000000000000009 4.5000000000000009 1.5000000000000002 1.0000000180025095e-35 1870.5000000000002 9.5000000000000018 0.10762548262548265 1.5000000000000002 822.50000000000011 1832.5000000000002 2.5000000000000004 4.5000000000000009 0.021769742062197856 11.500000000000002 0 1 0.047337520831907329 5.5000000000000009 2.5000000000000004 1.0000000180025095e-35 3612.5000000000005 2082.5000000000005 0.021769742062197856 1.5000000000000002 1.0000000180025095e-35 1.5000000000000002 1.5000000000000002 1.0000000180025095e-35
decision_type=2 2 2 2 2 2 2 2 2 2 2 2 2 2 2 2 1 1 2 2 2 2 2 2 2 2 2 2 2 2
left_child=1 4 3 5 29 7 14 17 16 19 20 -3 18 27 15 -4 -9 -2 -13 21 -5 -7 25 24 -11 -23 -19 -6 -10 -1
right_child=2 11 6 10 13 9 -8 8 28 23 -12 12 -14 -15 -16 -17 -18 26 -20 -21 -22 22 -24 -25 -26 -27 -28 -29 -30 -31
leaf_value=0.0090901441860284579 0.01927667377750136 -0.048470850092166222 0.050975629342304957 0.0075064374803292429 0.00012443713091930654 0.018495784414973862 -0.045777068050089617 0.0045799498567547624 0.033572558808229229 0.17452736653669765 -0.0099830060302697164 -0.022248743978361928 -0.046010627342096801 -0.01220254582671252 -0.019982215578126739 -0.020312683290814131 0.022013909908567549 0.048936526368337979 -0.037512816282444482 0.011413402196686365 0.019484268434802544 0.069249932207506956 0.014747807350662785 -0.026180673419102709 0.0012479013213482718 0.036771076716299166 0.035187773402034661 -0.0071997212555051432 0.017726989466016085 0.0014928389405406909
leaf_weight=4913.0026035681367 1374.4382197465748 4618.5875341203064 219.16727211885154 6031.042649699375 8069.1674436256289 4989.8861146345735 1518.1387343071401 2542.616796778515 5422.0585007146001 28.941368976607919 1390.3590998202562 4651.0634270347655 6024.6592422649264 10598.489345075563 1166.3704108670354 191.00000572018325 2954.6539637800306 1671.9346106145531 2410.4323398210108 3976.0894172936678 3443.0505785606802 279.53384979814291 1072.6753477528691 349.15009774453938 1379.8495998699218 1258.9602544791996 4989.7450377177447 9144.9267787821591 1062.389885244891 10402.276546217501
leaf_count=122524 17340 252423 5694 116437 230983 87361 78063 44947 52277 921 34684 208851 324239 350003 31000 6223 45370 17095 121067 60283 45118 1958 16767 12500 27925 12005 59290 269681 16397 266988
internal_value=0 -0.0136266 0.0167324 0.0198374 -0.0031065 0.0233467 -0.0276314 0.0280702 0.023187 0.016256 0.00906415 -0.0392532 -0.0359999 -0.00698121 -0.0101578 0.0177793 0.0139987 0.0353509 -0.0274591 0.018929 0.0118594 0.0228603 0.0312008 -0.00134703 0.00480765 0.0426723 0.0385805 -0.0037665 0.0309765 0.00392999
internal_weight=0 60832.6 47312.1 44217.4 43127.9 33352.9 3094.68 20017.8 11981.7 13335.1 10864.5 17704.7 13086.2 27812.6 1576.54 410.167 5497.27 8036.12 7061.5 11577.1 9474.09 7601.06 2611.17 1757.94 1408.79 1538.49 6661.68 17214.1 6484.45 15315.3
internal_count=2936414 2146759 789655 668675 1240179 472436 120980 252716 158991 219720 196239 906580 654157 850667 42917 11917 90317 93725 329918 178374 161555 118091 30730 41346 28846 13963 76385 500664 68674 389512
cat_boundaries=0 1 2
cat_threshold=390 2
is_linear=0
shrinkage=0.05


Tree=17
num_leaves=31
num_cat=2
split_feature=8 10 10 0 5 0 5 8 8 10 4 10 3 6 6 10 0 10 7 6 10 8 8 8 8 8 0 1 1 3
split_gain=8846.44 6259.96 2341.64 612.207 458.721 429.234 386.912 318.03 229.642 570.443 216.584 450.106 160.23 145.705 135.702 252.28 133.673 129.02 146.432 126.794 126.135 336.714 339.92 191.807 183.678 152.076 118.808 103.337 98.3771 97.982
threshold=1.0000000180025095e-35 1.0000000180025095e-35 5.5000000000000009 1.0000000180025095e-35 822.50000000000011 3.5000000000000004 2031.5000000000002 2.5000000000000004 1.5000000000000002 1.0000000180025095e-35 1832.5000000000002 2.5000000000000004 0 0.046512605946086576 0.023286037916649713 11.500000000000002 1.0000000180025095e-35 1.0000000180025095e-35 9.5000000000000018 0.049623254731789211 1.0000000180025095e-35 3.5000000000000004 4.5000000000000009 5.5000000000000009 6.5000000000000009 7.5000000000000009 3.5000000000000004 1.0000000180025095e-35 1.0000000180025095e-35 1
decision_type=2 2 2 2 2 2 2 2 2 2 2 2 1 2 2 2 2 2 2 2 2 2 2 2 2 2 2 2 2 1
left_child=1 5 3 28 7 16 14 8 9 -5 -3 13 -11 -12 15 -4 -1 -10 27 -14 -9 29 -23 -24 -25 -26 -6 -19 -2 -22
right_child=2 10 6 4 26 -7 -8 20 17 12 11 -13 19 -15 -16 -17 -18 18 -20 -21 21 22 23 24 25 -27 -28 -29 -30 -31
leaf_value=0.006142905781857097 0.035349086868432661 -0.048307364613408101 0.040267732738330494 0.0068373250404293864 0.0080405580035637601 -0.0098345787072952641 -0.048167401846915037 0.019505976293496735 0.012956890014030487 0.047122046330961585 -0.021182072301364409 -0.04574276278038239 0.015351615361508284 -0.036226442393004453 -0.02159716948310543 -0.025620279402029562 -0.0015003297759317155 0.016822701160129624 -0.013345801506893788 0.030736498640114313 0.034744335450392697 0.001650312413024202 0.053339381384586583 0.00047185439406272262 0.071182327521023728 0.020093036690720101 -0.0085154812648443028 -0.0053591656200081992 0.02403528203477652 0.057688157655108853
leaf_weight=7988.0364888980985 4976.8521572984755 4407.833283610642 295.99777023121715 5728.2264565378428 2416.739885546267 14862.990085326135 1256.4326437097043 6143.9916353449225 4830.0273098796606 985.03104439005256 4309.9028293453157 5763.5544949360192 2135.1075731962919 2568.5552620701492 1177.2508525811136 285.32471781782806 20151.516121383756 1331.1186418943107 1252.6919681113213 3592.6856329664588 1227.9695198312402 1443.6833999939263 757.39765648543835 563.35842720419168 238.92723513767123 373.14276714622974 1964.3982961885631 867.0539967045188 3129.6474161464721 954.89917850494385
leaf_count=195861 54687 252423 8243 111894 51948 492139 68452 74070 90836 8592 196445 324239 24962 133473 33811 10474 552179 25083 27333 30627 11241 17827 6716 5981 2433 4019 48528 17458 46275 8165
internal_value=0 -0.013126 0.0156789 0.0185424 0.0158028 -0.00296111 -0.0269768 0.0178546 0.0141332 0.0184275 -0.0387636 -0.0354361 0.0283177 -0.0267999 -0.011837 0.00792858 0.000669372 0.00768157 0.000297939 0.024958 0.0244436 0.0299005 0.0200066 0.0337174 0.0210738 0.0400362 0.000617223 0.00807322 0.0309812 0.0452046
internal_weight=0 60052.4 47928 44913 36806.5 43002.5 3015.01 32425.3 20721.9 12441.1 17049.8 12642 6712.82 6878.46 1758.57 581.322 28139.6 8280.89 3450.86 5727.79 11703.4 5559.38 3376.51 1932.83 1175.43 612.07 4381.14 2198.17 8106.5 2182.87
internal_count=2936414 2146759 789655 668675 567713 1240179 120980 467237 336785 176075 906580 654157 64181 329918 52528 18717 748040 160710 69874 55589 130452 56382 36976 19149 12433 6452 100476 42541 100962 19406
cat_boundaries=0 1 2
cat_threshold=17 390
is_linear=0
shrinkage=0.05


Tree=18
num_leaves=31
num_cat=1
split_feature=9 10 5 0 0 10 3 9 6 10 4 8 8 10 0 9 1 10 6 5 2 10 10 6 6 7 10 5 6 8
split_gain=7983.62 5841.18 2090 541.689 396.79 395.227 344.853 298.603 207.664 202.68 489.411 309.05 187.059 176.078 159.748 128.908 124.141 115.445 129.386 182.624 141.446 110.474 108.217 104.056 101.824 88.6014 119.865 87.9939 457.402 185.866
threshold=0.051503094606542892 1.0000000180025095e-35 1654.5000000000002 5.5000000000000009 4.5000000000000009 6.5000000000000009 0 0.12861869313482219 0.056699445425781217 2.5000000000000004 3713.5000000000005 1.0000000180025095e-35 1.5000000000000002 1.0000000180025095e-35 1.5000000000000002 0.10762548262548265 1.0000000180025095e-35 1.0000000180025095e-35 0.046616127999222844 522.50000000000011 1.5000000000000002 2.5000000000000004 1.5000000000000002 0.057083414294633039 0.048077195328596889 7.5000000000000009 1.5000000000000002 2082.5000000000005 0.022365482607395844 1.5000000000000002
decision_type=2 2 2 2 2 2 1 2 2 2 2 2 2 2 2 2 2 2 2 2 2 2 2 2 2 2 2 2 2 2
left_child=1 4 3 6 14 22 7 12 16 10 11 -3 17 -10 -1 21 25 -2 -19 -20 -21 -14 -4 -5 -22 -8 -27 28 29 -24
right_child=2 9 5 23 -6 -7 8 -9 13 -11 -12 -13 15 -15 -16 -17 -18 18 19 20 24 -23 27 -25 -26 26 -28 -29 -30 -31
leaf_value=0.0035560259391248295 0.0088032220505279476 -0.046242816533807088 0.0090228380427315163 0.001656984502449518 -0.011321189935592967 -0.043113589473009931 0.035380934614144141 0.023177594473078607 0.022440472097793731 -0.045409963378825101 -0.023740331442803631 0.067667532924015228 0.00081590612082797624 0.04068769430579542 -0.0034444546401702818 0.012040191201255039 0.015077741847602589 0.01054935381686678 0.025583535225778033 -0.035549540405772753 0.17705193573014799 -0.026233424672486023 0.25585923620092138 0.015588698355976774 0.075501447398630905 0.025781474248198294 0.0056192435037696366 -0.029608475791917024 -0.02026491297366298 0.067660952975061181
leaf_weight=15490.656753763556 3019.5111989043653 5117.8131929337978 611.20943464711308 5458.308727780357 10445.541433729231 1490.5487540084869 1757.7072479873896 7982.7370318640023 2221.746675260365 5665.8076354898512 5766.409099470824 60.245477098971605 2467.3267462290823 3264.7702738270164 17195.470419313759 2570.4342819247395 4571.1146948225796 1574.21299075149 2314.1821170970798 20.758327629417181 35.299664840102196 445.6531556583941 19.182088755071163 1776.5047466345131 82.086835216730833 4439.8114968016744 883.90387745387852 618.92949920706451 395.99407730810344 41.507923517376184
leaf_count=391062 54392 300706 13205 100282 351597 81163 20425 93857 32893 331880 277574 758 45108 28471 502804 42453 72881 24036 20016 266 427 12202 619 26469 974 54717 15676 24256 13794 1451
internal_value=0 -0.01254 0.0148343 0.0176083 -0.00283782 -0.0243541 0.0200161 0.0156121 0.025263 -0.0377336 -0.0337597 -0.0449175 0.0108044 0.0332985 -0.000126777 0.00387908 0.0215012 0.0161939 0.0217362 0.0289173 0.0847632 -0.00332234 -0.00777741 0.00507791 0.106039 0.0256475 0.0224339 -0.017324 -0.000675314 0.127144
internal_weight=0 59741.9 48063.4 44886.1 43131.7 3177.37 37651.3 20512.2 17139.1 16610.3 10944.5 5178.06 12529.5 5486.52 32686.1 5483.41 11652.5 7046.05 4026.54 2452.33 138.145 2912.98 1686.82 7234.81 117.387 7081.42 5323.72 1075.61 456.684 60.69
internal_count=2936414 2156381 780033 645545 1245463 134488 518794 293731 225063 910918 579038 301464 199874 61364 893866 99763 163699 100111 45719 21683 1667 57310 53325 126751 1401 90818 70393 40120 15864 2070
cat_boundaries=0 1
cat_threshold=390
is_linear=0
shrinkage=0.05


Tree=19
num_leaves=31
num_cat=2
split_feature=8 10 10 0 5 0 5 4 10 1 8 3 7 7 1 6 10 6 7 9 6 10 3 7 5 8 8 8 0 0
split_gain=7203.86 5684.19 1931.42 507.043 369.772 364.32 333.527 225.404 454.503 198.389 193.011 176.231 165.875 153.723 156.57 143.859 136.654 169.327 130.433 129.458 127.629 217.549 101.883 91.1384 90.5041 82.9332 162.545 168.095 75.2897 68.2895
threshold=1.0000000180025095e-35 1.0000000180025095e-35 5.5000000000000009 2.5000000000000004 2031.5000000000002 4.5000000000000009 802.50000000000011 1832.5000000000002 2.5000000000000004 1.0000000180025095e-35 4.5000000000000009 0 13.500000000000002 1.5000000000000002 1.0000000180025095e-35 0.047337520831907329 1.0000000180025095e-35 0.056889450765556966 3.5000000000000004 0.091750841750841763 0.023286037916649713 11.500000000000002 1 6.5000000000000009 283.50000000000006 1.5000000000000002 2.5000000000000004 3.5000000000000004 5.5000000000000009 1.5000000000000002
decision_type=2 2 2 2 2 2 2 2 2 2 2 1 2 2 2 2 2 2 2 2 2 2 1 2 2 2 2 2 2 2
left_child=1 5 3 9 20 13 10 -3 15 12 11 -5 22 -1 23 -9 28 25 -11 -14 21 29 -2 -15 -20 -18 -27 -28 -13 -4
right_child=2 7 4 6 -6 -7 -8 8 -10 18 -12 16 19 14 -16 -17 17 -19 24 -21 -22 -23 -24 -25 -26 26 27 -29 -30 -31
leaf_value=0.0034954052254887406 0.023427877449368861 -0.04797734124677909 0.068268052802781407 -0.0007047494067118613 -0.047832168327643393 -0.010896289551842577 -0.005532274615338683 -0.020212499038187556 -0.045186051691571243 0.02264276813722272 0.025673364314616448 0.012210569988619007 0.0071932751006587347 0.016007263775357806 -0.0067242311347899906 -0.035954476500676784 0.019737287847589286 0.029203153839529122 0.015100733516600302 0.023816731682431726 -0.020923187377337477 -0.024553623179347481 0.034022767132064723 0.00021973596342249229 0.0013771220066909106 -0.0066412876614547287 0.034932158052129438 -0.0041988290566928399 0.0013743715762669266 0.0191030887129899
leaf_weight=15554.42515155673 4823.0725815016776 4023.129785452038 109.97103982046247 2650.7702414691448 1151.7922334801406 10271.836563946679 2732.2299533933401 4355.9529718197882 5278.0598545335233 3910.5334427505732 2647.1499608270824 4712.2181192561984 1879.1965814512223 1157.3567737489939 11435.469732414931 2176.4412002190948 2188.1572225689888 2375.0617570243776 3752.3059473596513 3108.5865226294845 1152.5891851335764 274.44567240960896 4822.5347898676991 4349.9984012357891 1767.1249014362693 1202.6724969446659 702.03665098175406 450.58969055116177 2429.3503598868847 197.42496511526406
leaf_count=417561 52826 252423 2656 43530 68452 350003 65578 208851 324239 59680 29792 85281 30180 31758 321182 121067 24333 25698 49991 30488 33811 10474 50350 119675 31356 27015 7120 6569 48888 5587
internal_value=0 -0.0121629 0.0138094 0.0162908 -0.0258706 -0.00268813 0.0108211 -0.0377559 -0.0342741 0.0213121 0.0131292 0.0111421 0.0249565 -9.3662e-05 -0.00338862 -0.0254574 0.0133666 0.0183843 0.0156566 0.0175537 -0.0112864 0.00780333 0.0287846 0.00353745 0.0107069 0.0127288 0.00621765 0.0196349 0.00852442 0.0366919
internal_weight=0 58602.7 49039.8 46153.6 2886.22 42769.1 22090.2 15833.6 11810.5 24063.4 19358 16710.9 14633.4 32497.3 16942.8 6532.39 14060.1 6918.52 9429.96 4987.78 1734.43 581.842 9645.61 5507.36 5519.43 4543.46 2355.3 1152.63 7141.57 307.396
internal_count=2936414 2146759 789655 668675 120980 1240179 363804 906580 654157 304871 298226 268434 163844 890176 472615 329918 224904 90735 141027 60668 52528 18717 103176 151433 81347 65037 40704 13689 134169 8243
cat_boundaries=0 1 2
cat_threshold=2 418
is_linear=0
shrinkage=0.05


Tree=20
num_leaves=31
num_cat=1
split_feature=9 10 5 0 10 0 10 10 6 10 4 8 3 9 10 6 5 10 0 8 8 8 8 7 4 10 7 7 8 1
split_gain=6504.27 5284.38 1722.59 443.498 367.804 344.305 284.577 265.988 227.468 211.073 377.092 291.191 188.509 183.276 147.242 147.159 230.056 187.214 138.624 129.051 263.104 137.606 152.663 101.645 100.802 100.603 87.7258 87.4779 84.1866 80.9878
threshold=0.051503094606542892 1.0000000180025095e-35 1654.5000000000002 1.0000000180025095e-35 6.5000000000000009 1.5000000000000002 1.5000000000000002 1.0000000180025095e-35 0.046430374253377656 4.5000000000000009 3713.5000000000005 1.0000000180025095e-35 0 0.11834733893557424 2.5000000000000004 0.031498310962492573 1001.5000000000001 8.5000000000000018 5.5000000000000009 2.5000000000000004 1.5000000000000002 3.5000000000000004 4.5000000000000009 1.5000000000000002 114.50000000000001 1.0000000180025095e-35 9.5000000000000018 1.5000000000000002 2.5000000000000004 1.0000000180025095e-35
decision_type=2 2 2 2 2 2 2 2 2 2 2 2 1 2 2 2 2 2 2 2 2 2 2 2 2 2 2 2 2 2
left_child=1 5 3 -2 25 -1 7 13 -9 10 11 -3 -10 -5 -12 17 26 -8 23 20 27 -21 -23 -7 -22 -4 28 -14 -17 -25
right_child=2 9 4 6 -6 18 15 8 12 -11 14 -13 19 -15 -16 16 -18 -19 -20 21 24 22 -24 29 -26 -27 -28 -29 -30 -31
leaf_value=0.0033632869677103537 0.025833261421529502 -0.045824657370816105 0.020835918759427793 0.0068408428343814292 -0.04240469061189367 -0.00016904811927688526 0.047214163325389268 0.0092197149537019182 0.0090453875485380485 -0.048029590222496164 -0.022420638500283089 0.059618218501419032 0.053952087087819935 0.017145696731732496 -0.038896792620907235 0.0075753635233631635 -0.017742307024864064 -0.0050433569837572342 -0.012197609711182066 0.048719131883613612 0.057185169983682671 0.0077348284578697274 0.040320261663083529 -0.0010492629388333752 0.0032505686416947929 -0.012827998742091186 -0.001213763392965698 0.027580339976945225 0.030594316742731817 -0.010182126682141768
leaf_weight=15542.080596711487 8466.6824024412781 4837.6720966817811 263.24401037395 10552.452918350697 1378.5109943132848 9617.6302895620465 399.81478787772357 3450.7408750168979 1769.7113877907395 3238.4074463145807 5510.4713044222444 66.374569904059172 342.98881320282817 7299.5342828221619 1798.5869314381853 1541.3750059343874 1314.2758245542645 299.98156306706369 6712.2325129713863 1214.1421264186502 91.68118791654706 643.71932029724121 813.9093252196908 3604.0738763958216 1572.7070726938546 1414.1783960480243 1974.2475419044495 3780.0868571996689 535.09207635000348 7435.1925537344068
leaf_count=391062 97536 310648 5154 193002 81163 283748 7922 44543 18633 207339 277574 796 2505 93087 114561 26702 31549 7747 233331 8490 1570 6845 6141 108126 28797 48171 34187 28806 7483 229196
internal_value=0 -0.0116082 0.0130831 0.0154948 -0.02327 -0.00258008 0.0131666 0.0150744 0.0203204 -0.0366808 -0.0336716 -0.0443975 0.0240653 0.0110544 -0.026475 0.00324772 0.0004348 0.0248129 -0.00595513 0.0271647 0.0230008 0.0362861 0.0259299 -0.0039267 0.0062215 -0.007545 0.00633246 0.0297741 0.0135072 -0.00720045
internal_weight=0 58362.7 49119.1 46063.1 3055.93 42911.2 37596.5 31531.7 13679.7 15451.5 12213.1 4904.05 10228.9 17852 7309.06 6064.79 5364.99 699.796 27369.1 8459.23 5787.46 2671.77 1457.63 20656.9 1664.39 1677.42 4050.71 4123.08 2076.47 11039.3
internal_count=2936414 2156381 780033 645545 134488 1245463 548009 432419 146330 910918 703579 311444 101787 286089 392135 115590 99921 15669 854401 83154 61678 21476 12986 621070 30367 53325 68372 31311 34185 337322
cat_boundaries=0 1
cat_threshold=2
is_linear=0
shrinkage=0.05


Tree=21
num_leaves=31
num_cat=2
split_feature=9 10 10 1 5 10 9 9 8 0 10 4 10 0 5 10 8 6 9 3 7 9 4 9 10 6 10 7 6 3
split_gain=5895.77 3929.63 1475.08 1074.16 351.061 342.045 366.041 268.408 295.56 229.901 165.326 155.47 356.438 147.958 137.398 134.886 132.293 131.039 185.095 127.85 119.939 107.954 119.206 106.419 126.568 104.115 167.082 103.901 97.2835 96.3809
threshold=0.04819976771196284 1.0000000180025095e-35 5.5000000000000009 1.0000000180025095e-35 2031.5000000000002 1.5000000000000002 0.07362240289069559 0.11583184257602865 1.5000000000000002 3.5000000000000004 1.0000000180025095e-35 1741.5000000000002 2.5000000000000004 4.5000000000000009 2082.5000000000005 2.5000000000000004 1.0000000180025095e-35 0.021769742062197856 0.070598006644518277 0 13.500000000000002 0.050641025641025648 12243.500000000002 0.097167584579071611 1.0000000180025095e-35 0.023286037916649713 11.500000000000002 1.0000000180025095e-35 0.047337520831907329 1
decision_type=2 2 2 2 2 2 2 2 2 2 2 2 2 2 2 2 2 2 2 1 2 2 2 2 2 2 2 2 2 1
left_child=1 9 3 7 25 6 10 8 27 -1 -5 16 28 -8 17 19 -3 18 -7 -10 -9 22 -12 24 -21 26 -4 -2 -13 -29
right_child=2 11 4 5 -6 14 13 20 15 -11 21 12 -14 -15 -16 -17 -18 -19 -20 23 -22 -23 -24 -25 -26 -27 -28 29 -30 -31
leaf_value=-0.0015072215902337835 -0.020406311878060409 -0.047742059680613819 0.028444610869206473 0.0023721659657419897 -0.047506958852851611 -0.048889874523958189 0.01447722369609266 0.027167326951507104 -0.0085614194243351909 -0.010646999626034444 -0.040671434749853116 -0.020344388539613994 -0.044823781037385602 0.0031270300906008717 -0.029828044396272575 -0.015383391356464257 0.10939969819418766 -0.0073637540241039932 0.11750518140822655 0.011921795209239736 0.017376123455106474 0.013643111399955108 -0.0076859859853630813 0.018273521713397755 -0.0097683207310378627 -0.020597051510254094 -0.024283931774212578 0.014833039199629753 -0.034623825835920434 0.026215441033766152
leaf_weight=19426.689995925874 153.91256968677044 3275.0179446460679 337.75763463135809 13101.898602660745 1125.1224338263273 25.476936293765903 11752.145198423415 7903.2131213247776 944.37868589162827 10653.48993864283 502.61465303227305 3277.9454404339194 4479.5828148545697 3799.5590743497014 751.66494991350919 649.36963016726077 13.44847099855542 2177.4205046966672 48.584682578220963 2038.1820365600288 5176.2283386327326 250.77999601513147 601.91680937819183 2799.3457027412951 1003.8194775283337 1147.2747461320832 270.60522435139865 3533.7911370676011 1875.0660338550806 4219.5441326219589
leaf_count=523357 7690 225032 9522 363359 73005 1579 169301 81365 17031 364925 32137 163681 299648 72046 34011 16688 191 54201 1231 34801 55279 2572 29979 42851 19548 35338 10982 39903 111109 44052
internal_value=0 -0.0146506 0.00926474 0.0109045 -0.0257035 0.00476981 0.00637986 0.0180299 0.0135436 -0.00474425 0.000652471 -0.0377126 -0.034508 0.0117042 -0.0113186 0.00638683 -0.0470994 -0.0051391 0.0602659 0.00847017 0.0232924 -0.0159719 -0.0226959 0.0112191 0.00476435 -0.0117305 0.00499048 0.020273 -0.0255404 0.0210805
internal_weight=0 43001.2 64314.6 61433.8 2880.76 33012.1 30008.9 28421.8 15342.3 30080.2 14457.2 12921.1 9632.59 15551.7 3003.15 7435.1 3288.47 2251.48 74.0616 6785.73 13079.4 1355.31 1104.53 5841.35 3042 1755.64 608.363 7907.25 5153.01 7753.34
internal_count=2936414 1687943 1248471 1119624 128847 760416 669394 359208 222564 888282 428047 799661 574438 241347 91022 130919 225223 57011 2810 114231 136644 64688 62116 97200 54349 55842 20504 91645 274790 83955
cat_boundaries=0 1 2
cat_threshold=2 418
is_linear=0
shrinkage=0.05


Tree=22
num_leaves=31
num_cat=0
split_feature=9 10 10 1 5 10 9 9 8 0 10 4 10 10 0 0 5 8 6 9 6 9 4 9 6 10 5 6 9 0
split_gain=5356.75 3755.85 1341.86 944.917 344.844 309.221 325.168 235.923 343.6 214.785 197.539 158.124 357.186 151.416 145.35 130.279 129.738 118.584 112.324 148.475 109.186 99.8873 116.195 96.5999 96.3006 152.598 95.7195 95.1307 90.4133 85.8014
threshold=0.04819976771196284 1.0000000180025095e-35 5.5000000000000009 1.0000000180025095e-35 2031.5000000000002 1.5000000000000002 0.07362240289069559 0.10762548262548265 1.5000000000000002 2.5000000000000004 1.0000000180025095e-35 1741.5000000000002 2.5000000000000004 1.0000000180025095e-35 6.5000000000000009 4.5000000000000009 2082.5000000000005 1.0000000180025095e-35 0.021769742062197856 0.070598006644518277 0.060530157116895564 0.050641025641025648 6481.5000000000009 0.059411764705882358 0.023286037916649713 12.500000000000002 7.5000000000000009 0.047337520831907329 0.094044811320754734 1.5000000000000002
decision_type=2 2 2 2 2 2 2 2 2 2 2 2 2 2 2 2 2 2 2 2 2 2 2 2 2 2 2 2 2 2
left_child=1 9 3 7 24 6 13 8 23 -1 -10 17 27 29 20 -8 18 -3 19 -7 -9 22 -15 -2 25 -4 -25 -13 -12 -5
right_child=2 11 4 5 -6 16 15 14 10 -11 28 12 -14 21 -16 -17 -18 -19 -20 -21 -22 -23 -24 26 -26 -27 -28 -29 -30 -31
leaf_value=-0.00042011809084463138 0.0066998687659430983 -0.047564383099596791 0.023792296596106932 0.0072487606525498769 -0.047315064463418516 -0.048754198589420754 0.013586521091759687 0.020601201922296905 0.011061789047833811 -0.0088928727475325788 -0.017028955603945375 -0.019718121598073735 -0.044525472189017326 -0.04323136931774612 0.0057521401580864166 0.0029623722040441986 -0.029174500308070919 0.094593097560265862 -0.0070429643932016749 0.10004929900423482 0.031838723299084506 0.012827086987304864 -0.0093621635093527941 0.0033853912796853285 -0.019950981142636468 -0.028005406784040423 0.023408620973740881 -0.034040564390990118 0.0017530695698845689 -0.0010185563724233342
leaf_weight=15427.549110155553 1336.2931098053232 3126.6404784349725 385.84655602090061 5188.9202236235142 1074.4819232160226 24.300168675370514 11892.721738211811 10773.285199567676 3372.0298501588404 14519.550123700872 1243.2377886250615 3214.5923480410129 4288.9465639432892 405.0287123164162 1368.2452522609383 3809.9387365020812 730.61834492813796 14.739009920507668 2163.1404298562557 54.050384107977152 2704.1179015077651 253.32951972261071 675.6697655543685 662.48416122049093 1125.7622993988916 225.16581245139241 6025.3316974211484 1813.4105030931532 1322.1836135983467 7941.6889296863228
leaf_count=403744 25064 225032 10959 124927 73005 1579 169301 116886 55869 484538 27243 163681 299648 27662 18566 72046 34011 191 54201 1231 24329 2572 34454 5292 35338 9545 61289 111109 24670 238432
internal_value=0 -0.0141257 0.00873484 0.0102681 -0.025051 0.00451057 0.00602656 0.0168915 0.0122256 -0.00452805 0.00310698 -0.0371964 -0.0339255 0.00061792 0.0212795 0.0110088 -0.0108769 -0.0468974 -0.00491278 0.0538984 0.0228559 -0.0154316 -0.0220558 0.0189729 -0.0112771 0.00470419 0.0214252 -0.0248837 -0.00734895 0.0022485
internal_weight=0 42405.4 64757.9 61946.6 2811.26 33139.4 30167.3 28807.2 13961.6 29947.1 5937.45 12458.3 9316.95 14464.6 14845.6 15702.7 2972.11 3141.38 2241.49 78.3506 13477.4 1334.03 1080.7 8024.11 1736.77 611.012 6687.82 5028 2565.42 13130.6
internal_count=2936414 1687943 1248471 1119624 128847 760416 669394 359208 199427 888282 107782 799661 574438 428047 159781 241347 91022 225223 57011 2810 141215 64688 62116 91645 55842 20504 66581 274790 51913 363359
is_linear=0
shrinkage=0.05


Tree=23
num_leaves=31
num_cat=1
split_feature=9 10 10 1 10 9 5 0 0 3 9 4 10 7 5 10 6 9 0 8 6 6 9 4 1 7 7 10 0 0
split_gain=4866.91 3585.56 1226.69 835.758 319.585 289.154 260.381 235.057 198.498 195.255 191.18 160.706 343.556 158.655 141.249 138.619 135.228 143.515 116.589 107.173 106.317 103.461 92.3914 113.67 90.0027 124.385 88.3619 83.7489 76.816 73.8202
threshold=0.04819976771196284 1.0000000180025095e-35 6.5000000000000009 1.0000000180025095e-35 1.5000000000000002 0.07362240289069559 1795.5000000000002 1.0000000180025095e-35 4.5000000000000009 0 0.17108013937282232 1393.5000000000002 2.5000000000000004 9.5000000000000018 2056.5000000000005 1.0000000180025095e-35 0.021769742062197856 0.070598006644518277 1.5000000000000002 1.0000000180025095e-35 0.021222016603549759 0.047337520831907329 0.050641025641025648 3162.5000000000005 1.0000000180025095e-35 3.5000000000000004 6.5000000000000009 1.5000000000000002 1.5000000000000002 7.5000000000000009
decision_type=2 2 2 2 2 2 2 2 2 1 2 2 2 2 2 2 2 2 2 2 2 2 2 2 2 2 2 2 2 2
left_child=1 8 3 7 5 15 20 -2 24 29 13 19 21 -11 16 28 17 -6 -7 -3 -4 -13 23 -17 26 -26 -1 -15 -5 -9
right_child=2 11 6 4 14 18 -8 9 -10 10 -12 12 -14 27 -16 22 -18 -19 -20 -21 -22 -23 -24 -25 25 -27 -28 -29 -30 -31
leaf_value=0.01551429190596037 0.024922052195857525 -0.047887992137512887 0.029322594239572619 0.0068397523908708506 -0.048747559389377214 0.016157065686185756 -0.044107031680970951 0.020451561721475688 -0.011431944548519033 0.013564298720311769 0.020119389585067232 -0.019306339291441609 -0.044237014296712111 0.0045432616595184163 -0.029247443940629128 -0.046582568535551455 -0.0073307507315062458 0.092062042264162675 0.0071874185453655428 0.090357915366270469 -0.016395324298531754 -0.033992845578891179 0.01206781175274012 -0.010746162104915052 -0.00088484403458945812 -0.01012997842986061 0.00022648311418669513 -0.009580658863205008 -0.00096856878999841331 0.00080955987384510788
leaf_weight=1202.3810158427805 5574.0562194231898 2774.3493058690801 147.38743634428829 5223.3409489542246 24.700495849363506 5606.5510337240994 1185.7774180015549 8521.6723581636325 7383.5878022909164 4923.967450059019 3544.0425731483847 3187.7958229668438 4119.1036942517385 5089.3189798742533 799.13890009000897 315.15119728539139 2224.1518101440743 67.672123005613685 10239.075865324587 14.090379804372786 926.85193799901754 1922.2923370087519 255.74091652780771 742.85765290632844 11492.577061442658 5323.3740081302822 4418.5926480703056 1322.2486838921905 7934.1746153701097 506.79607136361301
leaf_count=32650 56790 209156 3282 124927 1682 71958 80652 104375 261220 65518 36924 166181 300531 69306 39629 23046 56703 1500 169389 169 27474 123624 2572 39070 320296 152648 121468 27547 238432 7695
internal_value=0 -0.0136129 0.00823897 0.00953908 0.00412744 0.00569459 -0.0279535 0.0156758 -0.00432081 0.0135201 0.00997666 -0.0366703 -0.0334922 0.00681435 -0.0111217 0.000584909 -0.00486883 0.0544095 0.0103611 -0.0471894 -0.0101227 -0.024831 -0.0149018 -0.0214208 -0.00198066 -0.00381155 0.00349669 0.00163051 0.00213122 0.0193276
internal_weight=0 41838.1 65174.7 62914.7 33432.6 30316.9 2260.02 29482.1 29820.5 23908 14879.6 12017.6 9229.19 11335.5 3115.66 14471.3 2316.52 92.3726 15845.6 2788.44 1074.24 5110.09 1313.75 1058.01 22436.9 16816 5620.97 6411.57 13157.5 9028.47
internal_count=2936414 1687943 1248471 1137063 768908 669394 111408 368155 888282 311365 199295 799661 590336 162371 99514 428047 59885 3182 241347 209325 30756 289805 64688 62116 627062 472944 154118 96853 363359 112070
cat_boundaries=0 1
cat_threshold=601
is_linear=0
shrinkage=0.05


Tree=24
num_leaves=31
num_cat=1
split_feature=9 10 10 1 10 9 5 9 8 0 10 4 10 5 10 0 3 7 10 5 9 6 7 8 6 10 7 10 5 9
split_gain=4421.87 3418.9 1120.66 737.555 289.201 257.359 255.089 204.967 236.91 186.463 163.708 307.306 140.72 133.434 126.855 109.778 109.043 105.576 109.192 137.258 105.481 181.272 103.152 100.432 100.208 92.5009 90.4864 90.9878 92.815 85.5213
threshold=0.04819976771196284 1.0000000180025095e-35 6.5000000000000009 1.0000000180025095e-35 1.5000000000000002 0.07362240289069559 1795.5000000000002 0.11583184257602865 1.5000000000000002 2.5000000000000004 4.5000000000000009 2630.5000000000005 2.5000000000000004 2082.5000000000005 1.0000000180025095e-35 6.5000000000000009 0 3.5000000000000004 1.0000000180025095e-35 57.500000000000007 0.062996031746031758 0.021769742062197856 13.500000000000002 1.0000000180025095e-35 0.031498310962492573 2.5000000000000004 1.0000000180025095e-35 1.0000000180025095e-35 4.5000000000000009 0.059411764705882358
decision_type=2 2 2 2 2 2 2 2 2 2 2 2 2 2 2 2 1 2 2 2 2 2 2 2 2 2 2 2 2 2
left_child=1 9 3 7 5 14 24 8 26 -1 11 23 16 20 -5 17 -10 18 -7 -20 -6 -22 -9 -3 -4 -13 -2 -28 -29 -16
right_child=2 10 6 4 13 15 -8 22 12 -11 -12 25 -14 -15 29 -17 -18 -19 19 -21 21 -23 -24 -25 -26 -27 27 28 -30 -31
leaf_value=-0.00030358643753936477 -0.020932021077023313 -0.045782386798631246 0.0024022131696424965 0.0020203019312930973 -0.031638906743330981 0.011261154570460273 -0.043782521174810754 0.022654793585603905 -0.0089376819846561668 -0.0082323487663123092 -0.047347651188736628 -0.022438771991187181 -0.016216135170355313 -0.028917449565519355 -0.020456969540199668 -0.002987641464834572 0.0092253110779492355 0.0072598068198101483 0.041299472617056313 0.015246004699615182 0.074300704938295867 -0.003547642021082366 0.013815171724101384 0.066051419864977201 -0.029142182069391544 -0.037348766671629501 0.0070446775889047037 -0.0081994822879636626 0.021389582979690042 0.01280909349880166
leaf_weight=15394.129912048578 156.5847801733762 3297.2498681787401 655.39826607238501 13183.042726630345 315.34841108415276 4311.1606257632375 1136.0977388070896 8376.7242601253092 951.48437797091901 14306.37059632875 2541.6472149854526 4374.0697163194418 738.09619864821434 757.17668744456023 1058.0754301780835 1528.0904070027173 6011.4147126656026 7987.6486587636173 810.36002915725112 1343.8850494474173 77.786146363243461 1933.4076639860868 5445.7991381697357 20.198435038328171 408.80346980877221 1364.8101612124592 1672.8317506760359 276.86349913477898 6201.0179402390495 236.3608659915626
leaf_count=403744 7833 255344 19184 363359 17612 73144 80652 83472 17031 484538 194356 246557 19996 38753 62337 28964 97200 115168 6429 17642 1625 41524 56898 243 11572 103161 28463 2237 55025 2351
internal_value=0 -0.0131127 0.00777419 0.00899215 0.00390528 0.00538254 -0.0273055 0.0147119 0.0108607 -0.00412278 -0.0361344 -0.0329874 0.00454317 -0.0106859 0.000553707 0.00975702 0.00674374 0.0111045 0.0158544 0.0250465 -0.00475244 -0.000536732 0.0191722 -0.0451015 -0.00971528 -0.0259846 0.0167171 0.0174404 0.020125 -0.0143827
internal_weight=0 41298.5 65573.5 63373.2 33542.3 30458.6 2200.3 29830.8 16008.3 29700.5 11598 9056.33 7701 3083.72 14477.5 15981.1 6962.9 14453.1 6465.41 2154.25 2326.54 2011.19 13822.5 3317.45 1064.2 5738.88 8307.3 8150.71 6477.88 1294.44
internal_count=2936414 1687943 1248471 1137063 768908 669394 111408 368155 227785 888282 799661 605305 134227 99514 428047 241347 114231 212383 97215 24071 60761 43149 140370 255587 30756 349718 93558 85725 57262 64688
cat_boundaries=0 1
cat_threshold=2
is_linear=0
shrinkage=0.05


Tree=25
num_leaves=31
num_cat=1
split_feature=9 10 10 1 10 9 0 5 0 3 9 4 10 5 7 10 6 9 7 10 6 6 8 0 1 7 9 4 7 6
split_gain=4017.36 3256.27 1028.22 648.028 283.998 229.269 207.512 190.965 173.446 170.473 166.822 166.125 343.941 144.959 131.471 115.971 114.514 106.386 103.188 134.75 101.645 98.0345 91.3047 85.6032 81.4676 114.17 79.3061 113.274 78.4286 69.0873
threshold=0.04819976771196284 1.0000000180025095e-35 7.5000000000000009 1.0000000180025095e-35 1.5000000000000002 0.07362240289069559 1.0000000180025095e-35 1795.5000000000002 4.5000000000000009 0 0.14760348583878 1393.5000000000002 2.5000000000000004 2031.5000000000002 13.500000000000002 1.0000000180025095e-35 0.021769742062197856 0.059411764705882358 1.5000000000000002 1.0000000180025095e-35 0.046512605946086576 0.021222016603549759 1.0000000180025095e-35 4.5000000000000009 1.0000000180025095e-35 3.5000000000000004 0.050641025641025648 3162.5000000000005 6.5000000000000009 0.07874736811744687
decision_type=2 2 2 2 2 2 2 2 2 1 2 2 2 2 2 2 2 2 2 2 2 2 2 2 2 2 2 2 2 2
left_child=1 8 3 6 5 15 -2 21 24 29 14 22 20 16 -11 -5 17 -6 19 -7 -13 -4 -3 -20 28 -26 27 -17 -1 -8
right_child=2 11 7 4 13 18 9 -9 -10 10 -12 12 -14 -15 -16 26 -18 -19 23 -21 -22 -23 -24 -25 25 -27 -28 -29 -30 -31
leaf_value=0.014690846736874211 0.022210376912808215 -0.047560119845845093 0.027774584528907843 0.0019156203297545854 -0.050716076611489871 0.010483496887314443 0.016057902338953566 -0.044747608234187684 -0.0106533640521718 0.0085666888769171026 0.01562167279062221 -0.017473054286405155 -0.043598247065233298 -0.028588008704444758 -0.0036939972923055787 -0.046258672269204097 -0.0066877805902425813 0.071785940426316516 0.0098350650792051412 0.037012114921558058 -0.032159557102074389 -0.019631621109380961 0.072372209855155897 0.00068684257002791084 -0.00070308178335336681 -0.0096017889251606009 0.010776791560293944 -0.0094896586113891318 0.00035122681551095597 0.036082762893804785
leaf_weight=1216.7200480215251 5771.1807212894782 2532.3589268280193 130.61767558287829 13207.625352080911 22.40196861885488 1423.1520234122872 8865.5599102582783 990.90959931351244 7248.034726979211 6817.0022320365533 5268.0841071531177 2871.7876392463222 3780.6272904099897 829.54180178791285 3218.8452318385243 295.25012566894293 2236.4532468486577 84.85613451898098 10589.812061820179 721.2737334780395 1997.6287269210443 660.63768937345594 15.969482101500033 3371.2094074301422 11453.13939120248 5259.7831717468798 259.92255439609289 720.90087567456067 4408.3603681214154 452.71904948819429
leaf_count=32650 57877 209156 2946 363359 1632 24910 109508 73596 261220 97536 54191 154542 300531 44581 52302 23046 58169 1765 146382 7460 135263 20709 169 62595 320296 152648 2572 39070 121468 4265
internal_value=0 -0.0126245 0.00733977 0.00838041 0.00361257 0.00508956 0.0136767 -0.030122 -0.00393256 0.0116766 0.00841097 -0.0355886 -0.0322831 -0.0106252 0.00463426 0.000524931 -0.00426741 0.0462001 0.00919456 0.0194063 -0.023498 -0.011806 -0.0468085 0.00762602 -0.00175185 -0.00350363 -0.013869 -0.0201732 0.00345293 0.0170125
internal_weight=0 40784.4 65938 64155.8 33762.4 30589.1 30393.4 1782.16 29586 24622.2 15303.9 11198.4 8650.04 3173.25 10035.8 14483.7 2343.71 107.258 16105.4 2144.43 4869.42 791.255 2548.33 13961 22338 16712.9 1276.07 1016.15 5625.08 9318.28
internal_count=2936414 1687943 1248471 1151220 775541 669394 375679 97251 888282 317802 204029 799661 590336 106147 149838 428047 61566 3397 241347 32370 289805 23655 209325 208977 627062 472944 64688 62116 154118 113773
cat_boundaries=0 1
cat_threshold=601
is_linear=0
shrinkage=0.05


Tree=26
num_leaves=31
num_cat=2
split_feature=9 10 10 9 5 0 10 3 10 4 6 0 10 1 9 7 7 8 7 4 9 10 6 7 0 10 6 3 8 6
split_gain=3649.65 3097.75 950.247 570.065 512.375 301.348 273.868 204.037 169.187 311.033 168.001 164.472 140.943 116.394 102.506 94.0886 92.3381 90.9758 87.7363 93.6073 86.4439 83.0905 86.5648 79.0558 73.3054 71.7992 144.145 95.3463 75.0607 71.6263
threshold=0.04819976771196284 1.0000000180025095e-35 3.5000000000000004 0.053101503759398504 2031.5000000000002 5.5000000000000009 1.0000000180025095e-35 0 4.5000000000000009 1879.5000000000002 0.056699445425781217 1.5000000000000002 1.0000000180025095e-35 1.0000000180025095e-35 0.15655637254901963 11.500000000000002 11.500000000000002 1.0000000180025095e-35 17.500000000000004 3162.5000000000005 0.10762548262548265 2.5000000000000004 0.047337520831907329 1.0000000180025095e-35 5.5000000000000009 9.5000000000000018 0.031498310962492573 1 4.5000000000000009 0.076697597158977018
decision_type=2 2 2 2 2 2 2 1 2 2 2 2 2 2 2 2 2 2 2 2 2 2 2 2 2 2 2 1 2 2
left_child=1 11 3 6 15 7 -2 14 9 17 13 -1 -12 16 -5 23 -9 -3 19 -8 -18 22 -11 -4 -13 26 27 28 -25 -14
right_child=2 8 4 5 -6 -7 18 10 -10 21 12 24 29 -15 -16 -17 20 -19 -20 -21 -22 -23 -24 25 -26 -27 -28 -29 -30 -31
leaf_value=0.0012793900920931038 0.0023268376943780095 -0.046563981902515039 -0.042701931248566145 0.0015479018198803944 -0.043621758841785124 0.001943426137347075 -0.045671353220091346 0.01931414909627709 -0.046981066827444129 -0.017034495213127894 0.012978904689844565 -0.0047359110295835958 0.022962981850082095 0.008187023443659288 0.014378471277889611 -0.017087109514479507 0.0044108508482884707 0.061916633876156674 0.017092242670261788 -0.016104406138221838 0.016055218229174554 -0.036453078742486419 -0.031632121858749737 0.028486954611112766 -0.011917791911698816 -0.016737933164230594 -0.0039217432211719272 -0.029553803814213016 0.10868772293696856 0.038349206968233428
leaf_weight=10475.066340625286 12937.328372497112 2679.1697155125439 99.836041677743196 5162.7981372401118 1176.831789933145 7398.220378594473 351.20015434548259 7084.5898809786886 2326.053131098859 2964.7046317318454 3792.7810800261796 14271.598125867546 4489.7069274559617 9665.2217263840139 2228.634129665792 1109.1577485539019 2789.2685815114528 19.467311833053827 149.24100993946195 1125.8140081204474 3718.8308527301997 1283.7253397190943 1544.7558905845508 542.58491182886064 4730.8089138641953 383.117207842879 1081.1467429827899 64.262947207316756 30.831764246337116 909.6452104523778
leaf_count=267752 358542 230634 7211 76682 88026 120803 27766 76609 194356 162886 50747 446062 36250 147932 21446 32679 43082 202 1828 64121 35077 105025 106558 12693 174468 13880 22764 2841 728 6764
internal_value=0 -0.0121492 0.00693134 0.00854448 -0.0152839 0.0112108 -0.000104124 0.0129316 -0.0350337 -0.0317611 0.0146389 -0.00375094 0.020366 0.0123817 0.0054092 -0.00521157 0.0153643 -0.0457814 -0.0194431 -0.0231347 0.0110646 -0.02523 -0.022035 0.000770791 -0.0065239 0.00283562 0.00719845 0.0260521 0.032237 0.0255551
internal_weight=0 40295.3 66291 61803.3 4487.77 47239.7 14563.6 39841.5 10817.9 8491.82 32450 29477.5 9192.13 23257.9 7391.43 3310.94 13592.7 2698.64 1626.26 1477.01 6508.1 5793.19 4509.46 2201.78 19002.4 2101.94 1718.83 637.68 573.417 5399.35
internal_count=2936414 1687943 1248471 1067649 180822 615392 452257 494589 799661 605305 396461 888282 93761 302700 98128 92796 154768 230836 93715 91887 78159 374469 269444 60117 620530 52906 39026 16262 13421 43014
cat_boundaries=0 1 2
cat_threshold=2 514
is_linear=0
shrinkage=0.05


Tree=27
num_leaves=31
num_cat=1
split_feature=9 10 10 1 10 9 3 9 10 4 0 5 5 8 9 10 9 6 0 6 0 6 8 10 6 7 9 7 7 6
split_gain=3315.24 2943.68 882.85 517.349 264.876 184.703 179.776 201.002 171.08 311.366 149.793 141.291 135.68 124.68 118.749 109.922 98.4859 145.616 97.2643 96.2097 88.8781 87.6288 84.8928 81.5902 83.8615 75.059 86.1223 74.4099 69.5016 66.0428
threshold=0.04819976771196284 1.0000000180025095e-35 8.5000000000000018 1.0000000180025095e-35 1.5000000000000002 0.079473684210526321 0 0.12861869313482219 4.5000000000000009 1879.5000000000002 3.5000000000000004 1795.5000000000002 2082.5000000000005 1.5000000000000002 0.097167584579071611 1.0000000180025095e-35 0.062996031746031758 0.021769742062197856 1.5000000000000002 0.038404749927698635 1.0000000180025095e-35 0.020064264525444912 1.0000000180025095e-35 2.5000000000000004 0.047337520831907329 9.5000000000000018 0.17108013937282232 5.5000000000000009 7.5000000000000009 0.07874736811744687
decision_type=2 2 2 2 2 2 1 2 2 2 2 2 2 2 2 2 2 2 2 2 2 2 2 2 2 2 2 2 2 2
left_child=1 10 3 6 5 18 19 13 9 22 -1 21 16 -8 15 -15 -6 -18 -5 -2 -7 -4 -3 24 -11 -9 -27 -19 -22 -21
right_child=2 8 11 4 12 20 7 25 -10 23 -12 -13 -14 14 -16 -17 17 27 -20 29 28 -23 -24 -25 -26 26 -28 -29 -30 -31
leaf_value=-0.00098437162580304019 0.00097851202399135639 -0.046349282370128059 0.060004815905489652 0.0056859184281627404 -0.030887966109373711 0.016526947174985481 0.010996936139233702 0.021513721454135739 -0.046782386542320441 -0.01645749062685439 -0.0084945424535654152 -0.045769568476701793 -0.02853663258008006 0.0015386520653292695 0.0062152372476831814 -0.018865312172708051 0.053965273720506871 0.0056297482390273912 -0.0024559205683160321 0.018630252745822355 0.0083253509545163917 -0.018773853738488014 0.056000619849788852 -0.035917272845514221 -0.031012112389349217 0.0057151296149994179 0.017126515401342659 -0.013644548429770521 -0.0016005119503397008 0.037921525370571973
leaf_weight=19234.505165122449 744.73666584584862 2560.0158636253327 37.73218197375536 5990.4507729345933 312.08397395629436 2783.1237000823021 5685.5523285344243 3079.0922825857997 2221.7725311024114 2916.4665582412854 10139.388231614605 830.64750709943473 788.41195418220013 1541.8746919929981 4255.7474441993982 1154.1945969546214 114.79194704815745 1008.524998486042 9462.1847896836698 7517.7017127154395 10471.456974644214 547.53499755449593 20.421449176967144 1238.8764410624281 1498.0542125673965 2962.802052157931 3741.1858322229236 994.53913917019963 2120.7703270874918 471.47719476278871
leaf_count=523357 10111 230634 622 148568 18706 33574 67348 28886 194356 162886 364925 67055 45940 26367 65602 27986 2486 21832 293688 83057 162345 17760 202 105025 106558 31622 37119 22513 31219 4065
internal_value=0 -0.0116865 0.00654822 0.00739645 0.00313596 0.00456091 0.0120524 0.00966638 -0.0344699 -0.0311476 -0.00357676 -0.0325116 -0.0105134 0.00550528 0.00101393 -0.00719634 -0.00466561 -0.000801526 0.000700388 0.0181457 0.00844083 -0.013695 -0.0455393 -0.0245786 -0.0213966 0.0150514 0.0120833 -0.00394011 0.00665365 0.0197687
internal_weight=0 39829.5 66616.6 65200.7 34046.3 30828 31154.4 22420.4 10455.6 8233.83 29373.9 1415.91 3218.35 12637.4 6951.82 2696.07 2429.94 2117.86 15452.6 8733.92 15375.4 585.267 2580.44 5653.4 4414.52 9783.08 6703.99 2003.06 12592.2 7989.18
internal_count=2936414 1687943 1248471 1163034 780871 669394 382163 284930 799661 605305 888282 85437 111477 187303 119955 54353 65537 46831 442256 97233 227138 18382 230836 374469 269444 97627 68741 44345 193564 87122
cat_boundaries=0 1
cat_threshold=89
is_linear=0
shrinkage=0.05


Tree=28
num_leaves=31
num_cat=0
split_feature=9 10 10 1 10 0 10 4 9 0 5 9 8 10 5 10 9 6 7 10 6 0 10 6 8 0 7 9 5 0
split_gain=3011.15 2794.11 813.162 459.209 240.09 174.694 172.779 311.268 166.014 142.612 139.836 139.247 197.008 146.677 127.83 93.7348 92.1417 125.585 87.9112 113.184 83.3892 80.6348 79.9756 81.1 79.5952 69.5629 67.9035 66.8417 100.68 66.5493
threshold=0.04819976771196284 1.0000000180025095e-35 8.5000000000000018 1.0000000180025095e-35 1.5000000000000002 1.0000000180025095e-35 4.5000000000000009 1879.5000000000002 0.07362240289069559 1.5000000000000002 1795.5000000000002 0.10762548262548265 1.5000000000000002 1.0000000180025095e-35 2082.5000000000005 1.0000000180025095e-35 0.062996031746031758 0.021769742062197856 1.5000000000000002 1.0000000180025095e-35 0.021222016603549759 6.5000000000000009 2.5000000000000004 0.047337520831907329 1.0000000180025095e-35 6.5000000000000009 5.5000000000000009 0.059411764705882358 676.50000000000011 6.5000000000000009
decision_type=2 2 2 2 2 2 2 2 2 2 2 2 2 2 2 2 2 2 2 2 2 2 2 2 2 2 2 2 2 2
left_child=1 9 3 5 8 -2 7 24 15 -1 20 12 -7 -14 16 29 -6 -18 19 -10 -4 -13 23 -9 -3 -20 -19 28 -17 -5
right_child=2 6 10 4 14 11 -8 22 18 -11 -12 21 13 -15 -16 27 17 26 25 -21 -22 -23 -24 -25 -26 -27 -28 -29 -30 -31
leaf_value=0.0012642953092651447 0.019020471935930379 -0.046127916321032546 0.025867975632856744 0.0026717790877366239 -0.030249091797963437 0.01109633011231434 -0.046577687375305259 -0.015891132079668486 0.0089201352144476498 -0.0060153843965457228 -0.045518186044550109 0.014473949612425039 0.0057821381221218882 -0.011231252783146005 -0.027884196979909445 -0.035653886913628717 0.048831312953605127 0.005320926109109384 0.0074443649736653144 0.032832788509744325 -0.022427622539877672 0.0020854509221088302 -0.035371493791677727 -0.030386361052932395 0.050923584261780022 -0.0045197468751540775 -0.013125478962427762 0.010811191910232663 -0.0037495563372544325 -0.010559884157359967
leaf_weight=10477.904079061002 5999.9603222599253 2446.5573968989775 110.51640315633267 12240.820918044075 302.97518195584416 7068.3565328773111 2122.471972127445 2870.579912754707 1456.6702330671251 18797.633886998519 794.3912245342508 11748.547286187299 2852.1603706590831 2279.1768306652084 767.06484897900373 459.36261676251888 120.36482003331184 1013.5725930184126 12888.042940717191 749.43470928072929 467.3111568801105 1478.8172994237393 1196.1825898550451 1453.5984986200929 21.310252223163843 1341.3970393873751 982.49008987564594 242.18154069408774 535.59069233387709 1030.2693487331271
leaf_count=267752 58909 230634 2563 327987 18706 81121 194356 162886 24910 620530 67055 124805 47241 50257 45940 33862 2486 21832 183810 7460 15819 19830 105025 106558 202 25167 22513 2351 28475 35372
internal_value=0 -0.0112363 0.00618798 0.00698533 0.00296977 0.0113463 -0.0338974 -0.0305282 0.00431549 -0.00340994 -0.0319053 0.00953544 0.00568263 -0.00177467 -0.0100985 0.000417503 -0.00445964 -0.000767773 0.00775637 0.0170435 -0.0131905 0.0130889 -0.0239291 -0.0207638 -0.0452899 0.00631652 -0.00375865 -0.0127456 -0.0184796 0.00164457
internal_weight=0 39386.2 66929.5 65557.3 34130.2 31427 10110.7 7988.23 30943.8 29275.5 1372.22 25427.1 12199.7 5131.34 3186.47 14508.2 2419.4 2116.43 16435.5 2206.1 577.828 13227.4 5520.36 4324.18 2467.87 14229.4 1996.06 1237.13 994.953 13271.1
internal_count=2936414 1687943 1248471 1163034 780871 382163 799661 605305 669394 888282 85437 323254 178619 97498 111477 428047 65537 46831 241347 32370 18382 144635 374469 269444 230836 208977 44345 64688 62337 363359
is_linear=0
shrinkage=0.05


Tree=29
num_leaves=31
num_cat=2
split_feature=9 10 10 1 5 0 4 10 3 7 0 9 10 9 10 9 6 6 10 10 5 8 1 7 6 7 8 10 3 9
split_gain=2734.66 2649.14 752.026 405.686 388.419 193.803 174.488 337.966 165.862 133.342 132.845 116.298 110.847 103.339 100.028 90.9155 89.7138 83.9969 124.329 81.6522 80.7877 76.4418 73.8113 105.121 72.568 72.1076 70.1623 68.9351 66.9938 66.7317
threshold=0.04819976771196284 1.0000000180025095e-35 4.5000000000000009 1.0000000180025095e-35 2031.5000000000002 1.5000000000000002 1393.5000000000002 2.5000000000000004 0 13.500000000000002 4.5000000000000009 0.16345083487940634 1.5000000000000002 0.07362240289069559 1.5000000000000002 0.11952380952380953 0.046512605946086576 0.023286037916649713 12.500000000000002 1.0000000180025095e-35 1254.5000000000002 2.5000000000000004 1.0000000180025095e-35 3.5000000000000004 0.037032569349946497 11.500000000000002 1.0000000180025095e-35 1.0000000180025095e-35 1 0.079473684210526321
decision_type=2 2 2 2 2 2 2 2 1 2 2 2 2 2 2 2 2 2 2 2 2 2 2 2 2 2 2 2 1 2
left_child=1 10 3 8 17 29 26 16 11 15 22 -2 13 27 -11 -10 -8 18 21 -17 24 -4 25 -24 -19 28 -3 -7 -1 -5
right_child=2 6 4 5 -6 12 7 -9 9 14 -12 -13 -14 -15 -16 19 -18 20 -20 -21 -22 -23 23 -25 -26 -27 -28 -29 -30 -31
leaf_value=2.9757495874222699e-05 -0.0026357952684006314 -0.046842039229552851 0.0089960655592996649 0.0045437950569187377 -0.045292403278792921 -0.0011651662789503188 -0.015148713858424255 -0.042204838476134238 0.012446129752999937 0.0099959586528912524 -0.009247279592475564 0.012896286182811793 -0.011982866637595166 0.0047168133876453536 -0.0056346592308626217 0.01265896244404998 -0.029648919518637469 0.025231625483747536 -0.024616477578968902 0.024084336355724961 -0.025475476204532319 0.053317137291161103 -0.00034325938293914437 -0.0089352711446238371 -0.009895055852991004 -0.0025648273301816659 0.04919676312181432 -0.016173423965304752 0.015082531774777808 0.011861334587385912
leaf_weight=1276.890157148242 3284.9502385249361 2110.0825851066038 308.32273210957646 6246.2149020275101 913.72074871044606 7963.5918512362987 2690.1654078597203 3195.2693432280794 9894.6179837062955 7358.5356143526733 7014.9572269488126 1903.5563726872206 1681.9737387429923 10624.886245172471 1188.9271023180336 2446.3697015792131 1767.6353560741991 181.38708032667637 197.28759189508855 4334.2568353153765 712.57646555639803 142.13391282968223 11375.725659001619 5181.4070174768567 776.28463412076235 2568.3593661524355 19.190325230360031 846.42289841454476 1764.7514739260077 6216.275414487347
leaf_count=34896 44579 209156 8840 159290 79831 238432 154542 300531 120587 84676 261220 17146 55335 169389 20197 22926 135263 3464 9545 38179 28836 3414 320296 152648 17080 70948 169 45212 48274 81513
internal_value=0 -0.0107987 0.00584944 0.00703791 -0.0176832 0.00324923 -0.0333165 -0.0297942 0.0112213 0.0128945 -0.00325037 0.00305671 0.000331123 0.00139682 0.00782179 0.0155024 -0.0208984 -0.0068001 0.00848381 0.0199622 -0.0127274 0.0229808 -0.00135261 -0.00303205 -0.00324191 0.00360404 -0.0459765 -0.00260709 0.00881302 0.00819378
internal_weight=0 38964.4 67222.3 63990.6 3231.71 33579.4 9782.34 7653.07 30411.2 25222.7 29182.1 5188.51 21116.9 19434.9 8547.46 16675.2 4457.8 2317.99 647.744 6780.63 1670.25 450.457 22167.1 16557.1 957.672 5610 2129.27 8810.01 3041.64 12462.5
internal_count=2936414 1687943 1248471 1097461 151010 749171 799661 590336 348290 286565 888282 61725 508368 453033 104873 181692 289805 71179 21799 61105 49380 12254 627062 472944 20544 154118 209325 283644 83170 240803
cat_boundaries=0 1 2
cat_threshold=2 646
is_linear=0
shrinkage=0.05


Tree=30
num_leaves=31
num_cat=1
split_feature=9 10 10 8 0 10 10 4 8 8 10 5 0 9 8 10 10 5 4 5 10 0 6 3 8 8 10 10 7 10
split_gain=2483.35 2508.76 700.325 389.143 267.711 191.345 176.987 311.343 137.432 257.645 256.3 135.301 124.76 109.73 130.431 128.864 107.047 102.466 102.51 102.394 94.9013 91.9174 91.3107 85.1491 83.8783 107.842 112.139 88.0257 78.4531 77.476
threshold=0.04819976771196284 1.0000000180025095e-35 8.5000000000000018 2.5000000000000004 2.5000000000000004 1.5000000000000002 4.5000000000000009 1879.5000000000002 3.5000000000000004 4.5000000000000009 1.0000000180025095e-35 1844.5000000000002 1.5000000000000002 0.053101503759398504 1.5000000000000002 1.0000000180025095e-35 1.0000000180025095e-35 2031.5000000000002 89933.500000000015 1769.5000000000002 2.5000000000000004 6.5000000000000009 0.046822885096733248 0 5.5000000000000009 6.5000000000000009 1.0000000180025095e-35 1.0000000180025095e-35 1.5000000000000002 2.5000000000000004
decision_type=2 2 2 2 2 2 2 2 2 2 2 2 2 2 2 2 2 2 2 2 2 2 2 1 2 2 2 2 2 2
left_child=1 12 3 4 13 21 7 -3 10 20 -5 -4 -1 16 15 -15 -2 18 28 -7 -10 23 -12 -6 27 26 -26 -11 -17 -16
right_child=2 6 11 8 5 19 -8 -9 9 24 22 -13 -14 14 29 17 -18 -19 -20 -21 -22 -23 -24 -25 25 -27 -28 -29 -30 -31
leaf_value=0.001266244205975376 0.0044386172532474132 -0.044772187448698514 -0.01340492521846668 0.0061379566907097619 -0.00052537377572165259 -0.007574406464218416 -0.046168738765617619 -0.022585979605764719 0.0033992018323621039 0.012863589657750231 0.016081386057592597 -0.045769402095195651 -0.0055545557284027896 0.0064052768431990719 0.006014796496050045 0.036929763992403636 -0.014780424380824459 -0.013875465730476301 0.15631729212737602 -0.031288770562959464 -0.017819697882441355 -0.0055777459275176602 0.032602175927090561 0.0068962893727390617 0.014151843018771055 0.018424139606760048 -0.0090901237342614193 0.031875139918619975 0.016922954600098423 -0.01178786303092149
leaf_weight=10477.414451986551 7465.2074078209698 2260.3530168756843 600.03815972618759 2515.0339219905436 7580.0792188439518 2252.6804711250588 1945.8058990286663 5263.5959889385849 4770.1335015259683 1135.1651676595211 1283.8899166751653 699.24654895626009 18615.87622490339 4218.5153666250408 6291.8142308201641 539.50868443585932 802.39660083130002 245.76561384741217 13.574807010591028 570.45649996865541 592.38631456252187 3631.9507366223261 2399.4908839017153 7880.0346335982904 1097.2333012670279 2603.8107987511903 984.76066372171044 1313.2028799848631 5339.4272023122758 676.88178934529424
leaf_count=267752 180833 230836 20622 28014 172188 54014 194356 374469 49339 10618 17960 64815 620530 60982 89175 4497 49614 10032 257 32654 11959 87833 16777 162760 9859 25829 11026 12352 44894 19568
internal_value=0 -0.0103741 0.0055308 0.00624427 0.00383955 -0.000216533 -0.0327273 -0.0292512 0.0123552 0.00933596 0.0184422 -0.0308228 -0.00309817 0.00731275 0.00957436 0.013133 0.00257335 0.0177566 0.0190759 -0.0123662 0.00105519 0.00158004 0.0268436 0.00326158 0.0155603 0.0116414 0.00315864 0.0230606 0.018759 0.00428559
internal_weight=0 38563 67502.7 66203.4 47508.3 21915.2 9469.75 7523.95 18695.1 12496.7 6198.41 1299.28 29093.3 25593.1 17325.5 10356.8 8267.6 6138.28 5892.51 2823.14 5362.52 19092.1 3683.38 15460.1 7134.17 4685.8 2081.99 2448.37 5878.94 6968.7
internal_count=2936414 1687943 1248471 1163034 969301 509449 799661 605305 193733 130982 62751 85437 888282 459852 229405 120662 230447 59680 49648 86668 61298 422781 34737 334948 69684 46714 20885 22970 49391 108743
cat_boundaries=0 1
cat_threshold=646
is_linear=0
shrinkage=0.05


Tree=31
num_leaves=31
num_cat=1
split_feature=9 10 10 8 0 10 4 10 8 8 10 0 9 10 8 10 5 4 10 5 10 6 10 6 8 8 10 10 3 8
split_gain=2254.72 2372.84 646.726 346.429 245.058 178.125 309.882 165.272 122.502 229.285 222.062 117.221 116.495 136.757 130.017 139.871 145.931 117.804 109.905 99.2497 89.6085 81.2986 75.7102 79.0327 75.2539 96.7257 103.411 76.0692 73.5716 70.8976
threshold=0.04819976771196284 1.0000000180025095e-35 9.5000000000000018 2.5000000000000004 3.5000000000000004 4.5000000000000009 1741.5000000000002 1.5000000000000002 3.5000000000000004 4.5000000000000009 1.0000000180025095e-35 4.5000000000000009 0.053101503759398504 1.0000000180025095e-35 1.5000000000000002 1.0000000180025095e-35 2082.5000000000005 89933.500000000015 2.5000000000000004 1795.5000000000002 2.5000000000000004 0.047139813774209137 2.5000000000000004 0.047337520831907329 5.5000000000000009 6.5000000000000009 1.0000000180025095e-35 1.0000000180025095e-35 0 1.0000000180025095e-35
decision_type=2 2 2 2 2 2 2 2 2 2 2 2 2 2 2 2 2 2 2 2 2 2 2 2 2 2 2 2 1 2
left_child=1 11 3 4 12 6 29 -6 10 20 -5 -1 13 -2 15 -14 17 28 -16 -4 -10 -12 23 -8 27 26 -26 -11 -17 -3
right_child=2 5 19 8 7 -7 22 -9 9 24 21 -13 14 -15 18 16 -18 -19 -20 -21 -22 -23 -24 -25 25 -27 -28 -29 -30 -31
leaf_value=-0.0011737316334353076 0.0036198072374706378 -0.045740584239434084 -0.014760394896370647 0.0058021729834090846 0.00047439092123549413 -0.04594462493745876 -0.014042126765522626 -0.014616426675333789 0.0032206523522991387 0.012101900096731505 0.015192846907836566 -0.0086322587230085058 0.0050411731450552165 -0.015573234386003221 0.0053154447735043273 0.025435713896507839 -0.018275589192485193 0.13352452178008831 -0.013259242395605473 -0.046054112658475845 -0.0171685266102257 0.030481238965533747 -0.033805172062202841 -0.028690806535096043 0.013303088631259889 0.017195818033302432 -0.0089463935240331159 0.029621363492465427 0.013716048874455544 0.0460523215324753
leaf_weight=22091.311565810814 9183.6196219101548 2081.9620504993945 421.40310280490667 2527.2324647977948 13629.429205618799 1859.7113580675796 2732.9960338771343 2092.9298293059692 4782.5283497907221 1145.9939837269485 1361.267315861769 6917.5055526290089 5293.3734188564122 1032.4577049175277 7878.1641147453338 1815.9616943132132 305.78016542736441 21.614894439466298 885.92480874806643 635.41451061610132 607.30610376037657 2407.3333695530891 1088.1623752135783 1388.5956450318918 1108.5749614201486 2650.1377035649493 987.38060690183192 1348.8804261926562 5628.1359396008775 21.250228010118008
leaf_count=627062 228587 224924 14304 28014 314254 194356 163681 67975 49339 10618 19213 261220 79515 64726 115623 14433 13330 422 27287 61189 13009 16446 105400 111109 9859 26374 11423 12710 49821 191
internal_value=0 -0.00996139 0.00523173 0.00584667 0.00357835 -0.0321278 -0.0286141 -0.00153447 0.0115715 0.00873151 0.0172691 -0.00295231 0.00608686 0.00168012 0.00814924 0.0113097 0.0155794 0.0169661 0.00343781 -0.0335758 0.000923277 0.0249589 -0.0220745 -0.0189774 0.0145436 0.0108479 0.00282161 0.021574 0.0166276 -0.0448131
internal_weight=0 38181.5 67750.8 66694 47767.4 9172.68 7312.97 15722.4 18926.6 12630.8 6295.83 29008.8 32045 10216.1 21829 13064.9 7771.49 7465.71 8764.09 1056.82 5389.83 3768.6 5209.75 4121.59 7240.97 4746.09 2095.96 2494.87 7444.1 2103.21
internal_count=2936414 1687943 1248471 1172978 975973 799661 605305 382229 197005 133332 63673 888282 593744 293313 300431 157521 78006 64676 142910 75493 62348 35659 380190 274790 70984 47656 21282 23328 64254 225115
cat_boundaries=0 1
cat_threshold=529
is_linear=0
shrinkage=0.05


Tree=32
num_leaves=31
num_cat=2
split_feature=9 10 10 1 10 10 4 3 9 7 0 5 9 0 5 10 7 9 6 6 10 6 8 10 7 3 0 0 6 6
split_gain=2047.13 2242.19 597.85 314.178 191.096 178.948 308.119 147.675 132.731 151.316 131.939 113.301 110.673 109.692 98.5936 96.0633 85.5385 81.5861 102.729 80.7086 73.7027 75.9008 66.9767 63.2985 63.0571 62.0933 56.4251 55.7252 54.7739 53.6195
threshold=0.04819976771196284 1.0000000180025095e-35 9.5000000000000018 1.0000000180025095e-35 1.5000000000000002 4.5000000000000009 1741.5000000000002 0 0.17108013937282232 9.5000000000000018 6.5000000000000009 2082.5000000000005 0.086335403726708088 2.5000000000000004 1795.5000000000002 1.5000000000000002 5.5000000000000009 0.062996031746031758 0.021769742062197856 0.036212408229271902 2.5000000000000004 0.047337520831907329 1.0000000180025095e-35 1.5000000000000002 5.5000000000000009 1 1.0000000180025095e-35 3.5000000000000004 0.07874736811744687 0.021222016603549759
decision_type=2 2 2 2 2 2 2 1 2 2 2 2 2 2 2 2 2 2 2 2 2 2 2 2 2 1 2 2 2 2
left_child=1 13 3 7 10 6 22 19 9 25 12 17 26 -1 29 -11 -14 -6 -19 -2 21 27 -3 -23 -20 -9 -5 -8 -21 -4
right_child=2 5 14 4 11 -7 20 8 -10 15 -12 -13 16 -15 -16 -17 -18 18 24 28 -22 23 -24 -25 -26 -27 -28 -29 -30 -31
leaf_value=9.6977733295439822e-05 -0.0032956792770022013 -0.045502203617079774 0.020287145390808829 0.007194550854755107 -0.029211180572372503 -0.045713199462895537 -0.0075197824666206354 0.0018063008640111903 0.013692349931007564 0.0032304749354210706 -0.0071900880468345049 -0.026662000857693637 0.010707158433375316 -0.0060706006257057153 -0.045822957519180217 -0.0089391844744903925 0.0016679975126297243 0.040642404431007272 0.0048660484347977408 0.014733864798780841 -0.033224544478138066 -0.03451098031031382 0.042254923006719743 -0.0099123528892695514 -0.012876127784231646 0.012383520115108912 0.00011501570302135732 -0.022128419753727268 0.031860983176759949 -0.023564983411180566
leaf_weight=15279.935016725212 596.37267081253231 1990.540099915117 88.585609013214707 3615.8182904189453 289.23676863871515 1777.7446962473914 1587.4758539283648 1814.0598376272246 5558.6875011995435 7786.1827602162957 2691.7404751023278 737.05563224758953 8599.4390665516257 13648.648676140234 607.3979793516919 2048.1452053077519 3762.3172153383493 139.02419630996883 1024.8430473050103 8010.01666538883 1052.7263614665717 995.61579392105341 21.982086636126041 354.69314132351428 979.36833141371608 6111.1033343104646 12700.182190934196 1108.6966670127586 495.7045914568007 327.10959704127163
leaf_count=403744 7953 224924 2199 80699 19047 194356 96323 25020 52764 95575 71893 48672 121305 484538 61189 45404 51069 2896 22105 85360 105400 82600 191 28509 23034 71689 344428 67358 4065 12105
internal_value=0 -0.00956179 0.00495059 0.00553018 0.00221195 -0.0315243 -0.0279775 0.00906526 0.0069466 0.0048391 0.00339413 -0.00948835 0.00438758 -0.00281292 -0.0329823 0.000695962 0.00795608 -0.00428461 -0.000920691 0.0144694 -0.0214392 -0.0183732 -0.0445437 -0.0280495 -0.00380376 0.00998031 0.00168392 -0.013527 0.015732 -0.01422
internal_weight=0 37818.1 67982.4 66959.3 34539 8889.47 7111.73 32420.3 23318.2 17759.5 31369.5 3169.53 28677.8 28928.6 1023.09 9834.33 12361.8 2432.47 2143.24 9102.09 5099.21 4046.48 2012.52 1350.31 2004.21 7925.16 16316 2696.17 8505.72 415.695
internal_count=2936414 1687943 1248471 1172978 785148 799661 605305 387830 290452 237688 669394 115754 597501 888282 75493 140979 172374 67082 48035 97378 380190 274790 225115 111109 45139 96709 425127 163681 89425 14304
cat_boundaries=0 1 2
cat_threshold=89 2
is_linear=0
shrinkage=0.05


Tree=33
num_leaves=31
num_cat=3
split_feature=9 10 10 9 5 10 0 1 4 10 0 3 6 9 6 10 7 3 3 4 7 4 5 6 10 5 10 9 0 8
split_gain=1868.88 1879.88 581.718 454.374 418.813 271.26 203.341 148.395 139.803 228.359 139.686 118.368 100.16 98.2208 100.09 123.808 85.5429 79.6397 77.8142 111.556 77.4423 148.613 75.8566 89.0032 86.6298 75.3253 87.5229 71.1876 70.8634 65.0336
threshold=0.047065337763012187 1.0000000180025095e-35 3.5000000000000004 0.053101503759398504 2031.5000000000002 1.0000000180025095e-35 1.0000000180025095e-35 1.0000000180025095e-35 984.50000000000011 2.5000000000000004 6.5000000000000009 0 0.075015762925599014 0.056079664570230614 0.021769742062197856 12.500000000000002 9.5000000000000018 1 2 21790.500000000004 17.500000000000004 2433.5000000000005 1630.5000000000002 0.038792303689493692 8.5000000000000018 554.50000000000011 1.5000000000000002 0.12861869313482219 5.5000000000000009 6.5000000000000009
decision_type=2 2 2 2 2 2 2 2 2 2 2 1 2 2 2 2 2 1 1 2 2 2 2 2 2 2 2 2 2 2
left_child=1 7 3 5 13 28 -5 16 -3 25 11 29 27 -4 15 -15 17 -1 22 -20 21 -7 23 24 -16 26 -10 -13 -2 -8
right_child=2 8 4 6 -6 20 10 -9 9 -11 -12 12 -14 14 18 -17 -18 -19 19 -21 -22 -23 -24 -25 -26 -27 -28 -29 -30 -31
leaf_value=0.017714400874856616 0.0021870037028317827 -0.046587787688406046 -0.039863415647597066 0.014281824513269415 -0.041606773678707104 -0.044332841144715203 -0.00057208245499630118 -0.0064562378103824175 -0.034559459592120083 -0.040924211616988546 -0.002220318617355443 0.0061270396083289548 0.021746857186589145 0.029611869734846693 0.029038912285890246 -0.022249615971811562 -0.0021547946090933142 0.0010740824138748852 0.00012197026885577071 -0.02737988338974074 0.016423940300457338 -0.012567223031621035 -0.027485902945145298 -0.015146573720319065 -0.017430579504298008 -0.013457767937841937 -0.010041039986610241 0.011575352284061044 -0.0063874044964509092 0.016303842301034474
leaf_weight=1362.8579271417111 17529.8561918661 1447.6013269424438 192.52525640558451 9327.0667808428407 1037.7707328824326 459.00018050707877 5919.6994190122932 14479.375417822972 1371.7051661685109 2479.2991455225274 4494.6860304996371 18917.183316865936 1361.0436174049973 426.01887430250645 487.81251656077802 157.67118990514427 4261.7127138599753 1525.5517129097134 680.93899290636182 804.21930436138064 166.7721026558429 1861.2152173407376 169.73442814406008 265.84487151913345 126.2499640211463 1678.6614226466045 495.44447430875152 8777.1869840919971 2793.6642578244209 631.8063270971179
leaf_count=40101 474066 170472 15103 92946 100839 44569 83732 456377 119771 273980 72690 261379 12595 10012 10323 8428 128701 45168 12515 24447 2105 120483 9391 5049 4043 104273 38395 86508 102411 5542
internal_value=0 -0.0110154 0.00386915 0.00493831 -0.0138911 -0.000898991 0.00763213 -0.00354593 -0.0326354 -0.0292832 0.0060855 0.00713395 0.00850164 -0.00520415 -0.0030644 0.0156026 0.00234759 0.00899064 -0.00736286 -0.0146716 -0.0164858 -0.0188513 0.00308877 0.00902174 0.0194849 -0.0211436 -0.0280535 0.00785378 0.00100837 0.00105377
internal_weight=0 29102.2 76588 72239.2 4348.79 22810.5 49428.7 21629.5 7472.71 6025.11 40101.6 35606.9 29055.4 3311.02 3118.49 583.69 7150.12 2888.41 2534.8 1485.16 2486.99 2320.22 1049.64 879.907 614.062 3545.81 1867.15 27694.4 20323.5 6551.51
internal_count=2936414 1377238 1559176 1359026 200150 743634 615392 670347 706891 536419 522446 449756 360482 99311 84208 18440 213970 85269 65768 36962 167157 165052 28806 19415 14366 262439 158166 347887 576477 89274
cat_boundaries=0 1 2 3
cat_threshold=2 121 596
is_linear=0
shrinkage=0.05


Tree=34
num_leaves=31
num_cat=2
split_feature=9 10 10 9 5 10 0 4 10 1 6 0 3 0 3 6 10 7 5 10 10 6 10 0 8 7 8 8 8 8
split_gain=1700.47 1780.17 539.228 410.036 269.067 231.893 191.886 140.717 226.023 134.913 131.263 130.002 100.869 100.751 78.5886 78.2193 87.9916 78.0673 72.4214 84.9531 63.1592 61.3692 62.9398 59.4635 57.0959 56.7179 55.6023 107.917 77.8839 90.0372
threshold=0.047065337763012187 1.0000000180025095e-35 5.5000000000000009 0.059411764705882358 2031.5000000000002 1.5000000000000002 1.0000000180025095e-35 984.50000000000011 2.5000000000000004 1.0000000180025095e-35 0.075015762925599014 5.5000000000000009 0 4.5000000000000009 1 0.023286037916649713 14.500000000000002 7.5000000000000009 554.50000000000011 1.5000000000000002 1.0000000180025095e-35 0.045833429299676022 1.0000000180025095e-35 3.5000000000000004 1.0000000180025095e-35 3.5000000000000004 2.5000000000000004 1.5000000000000002 3.5000000000000004 4.5000000000000009
decision_type=2 2 2 2 2 2 2 2 2 2 2 2 1 2 1 2 2 2 2 2 2 2 2 2 2 2 2 2 2 2
left_child=1 9 3 5 15 13 -5 -3 18 14 11 12 -8 -2 17 16 24 -1 19 -9 -12 -14 -23 -11 -4 -24 27 -27 -28 -30
right_child=2 7 4 6 -6 -7 10 8 -10 23 20 -13 21 -15 -16 -17 -18 -19 -20 -21 -22 22 25 -25 -26 26 28 -29 29 -31
leaf_value=0.020245505796965539 0.0018573717187675958 -0.046383612314092389 -0.050535820515187714 0.013344427567599335 -0.045226735224448096 -0.023544064104229871 0.00040420333838114944 -0.033986947718857921 -0.040514481776702436 -0.0038370474762854569 0.0052913778823849471 -0.0011094164511931594 0.0041499290380322251 -0.0061530803161622656 -0.0029210622587943769 -0.016957236907204628 -0.032264332329057177 0.0031912920224092403 -0.012956801217926984 -0.0096350281695975447 0.024952606117781353 0.0062803204913401385 0.021529655992003557 -0.010596111315026732 0.019984285568585482 0.013063764449609215 0.025504041103577381 -0.0032842914843349623 -0.0038444212858669276 0.019168635742865814
leaf_weight=902.3102064859122 17875.348078710958 1382.9114003637806 30.676792483776808 9562.3553872425109 725.3011873466894 1086.3472020532936 5987.8810731125996 1326.2333368528634 2381.6366377891973 9421.6606754306704 608.58662294968963 7393.705814095214 8510.1853748224676 5029.8782425178215 3645.3237175848335 1031.5560745308176 121.21796207502484 2618.0325900800526 1656.9524554712698 490.63158727344126 1242.1816455610096 8472.8933697193861 1406.7686046026647 4970.7734540160745 445.97563162073493 2695.1134347952902 1222.8712955601513 1614.0365004632622 761.15851986035705 962.44268359988928
leaf_count=25834 512008 170472 3042 97476 80118 70357 86131 119771 273980 267845 8172 122524 125191 192462 109389 36884 7103 78747 104273 38395 9698 114158 11417 188532 12121 19270 8138 28122 7521 7263
internal_value=0 -0.010584 0.0036635 0.00440875 -0.0198937 -0.000972221 0.00696818 -0.0320384 -0.0286505 -0.00338049 0.00547661 0.00485961 0.00625475 9.83147e-05 0.00222522 -0.00861722 0.00577251 0.00754109 -0.0205165 -0.0274109 0.0184874 0.00761765 0.00934433 -0.00617145 0.0154457 0.0123413 0.0105598 0.00694043 0.0158531 0.00900585
internal_weight=0 28796.5 76786.5 74431.8 2354.73 23991.6 50440.2 7238.37 5855.45 21558.1 40877.8 39027.1 31633.4 22905.2 7165.67 1629.43 597.87 3520.34 3473.82 1816.86 1850.77 25645.5 17135.3 14392.4 476.652 8662.39 7255.62 4309.15 2946.47 1723.6
internal_count=2936414 1377238 1559176 1419908 139268 774827 645081 706891 536419 670347 547605 529735 407211 704470 213970 59150 22266 104581 262439 158166 17870 321080 195889 456377 15163 81731 70314 47392 22922 14784
cat_boundaries=0 1 2
cat_threshold=2 121
is_linear=0
shrinkage=0.05


Tree=35
num_leaves=31
num_cat=4
split_feature=9 10 10 9 10 0 5 4 10 5 1 7 4 10 3 10 8 7 7 4 10 6 10 0 3 3 8 8 10 3
split_gain=1547.14 1683.71 495.887 368.234 307.299 196.457 162.687 141.447 223.348 127.678 122.585 110.241 120.088 94.3675 93.5536 83.1923 81.1778 97.5002 72.4685 69.5326 76.2505 65.7544 62.2749 62.0845 61.2413 59.238 62.6202 77.009 67.4322 56.6573
threshold=0.047065337763012187 1.0000000180025095e-35 8.5000000000000018 0.056079664570230614 1.0000000180025095e-35 1.5000000000000002 874.50000000000011 984.50000000000011 2.5000000000000004 1844.5000000000002 1.0000000180025095e-35 15.500000000000002 1832.5000000000002 2.5000000000000004 0 1.5000000000000002 4.5000000000000009 7.5000000000000009 9.5000000000000018 6481.5000000000009 1.5000000000000002 0.020064264525444912 1.0000000180025095e-35 1.0000000180025095e-35 1 2 2.5000000000000004 1.5000000000000002 1.0000000180025095e-35 3
decision_type=2 2 2 2 2 2 2 2 2 2 2 2 2 2 1 2 2 2 2 2 2 2 2 2 1 1 2 2 2 1
left_child=1 10 3 4 23 25 14 -3 19 21 18 12 -6 -14 22 -13 17 -16 24 20 -9 -4 -7 -2 -1 -5 27 28 -27 -8
right_child=2 7 9 5 11 6 29 8 -10 -11 -12 15 13 -15 16 -17 -18 -19 -20 -21 -22 -23 -24 -25 -26 26 -28 -29 -30 -31
leaf_value=0.017436117639889226 0.0063552659603164563 -0.046172609712569257 0.048460107469906206 0.0061224548053498895 -0.045575751826362088 0.0063196449740111757 0.010121221912804118 -0.035945842222261881 -0.040093488143710818 -0.044872444075013833 -0.0058980353846967227 0.025675715159729391 -0.01018379182505753 -0.036138749667342152 0.0061153795474007165 -0.020715556028468845 0.010718107902551835 -0.00058980579655026693 -0.0020585503344484534 -0.014453737446995003 -0.0064181831534407324 -0.016661972917577966 0.019649663679823126 -0.0004627387877377551 0.0024901201150640375 0.0066462160989659118 0.01702112362105819 0.0040575463753636234 0.018219701630510423 -0.0079913678487879263
leaf_weight=1097.6708782222122 4195.9868421964347 1321.3276936295442 41.767038897611201 5869.6321671530604 395.33059359062463 1763.4752668626606 487.80242646764964 967.88820914551616 2288.6758296866901 599.64330250676721 14309.421771250665 250.16789151914418 1687.7811623904854 441.89543162938207 11656.119100313634 157.46751142479479 4033.9984773099422 10136.121256154031 4253.7839786130935 2154.9877328239381 282.43785510584712 538.79323211684823 1741.3714174777269 16347.045308314264 1829.1447039600462 2095.0847463235259 4471.4018268026412 3542.6731390077621 3152.1660557230935 3358.926637398079
leaf_count=31349 95751 170472 665 69776 40814 26481 14763 95195 273980 68398 456377 2188 107023 45197 160382 3269 36669 140206 128701 143600 23644 21079 17571 483982 53920 28124 36483 49235 25679 85441
internal_value=0 -0.0101659 0.00347019 0.00397104 -0.00123156 0.00630591 0.00397911 -0.0314344 -0.0280143 -0.0286906 -0.00322293 -0.0163722 -0.0202673 -0.0155693 0.00524706 0.007755 0.00420108 0.00299663 0.00210798 -0.0198959 -0.0292758 -0.0119769 0.0129058 0.000929863 0.00816354 0.0103412 0.0121946 0.00975327 0.0135987 -0.00568898
internal_weight=0 28505.3 76964.7 75784.4 23475.7 52308.8 33177.8 7015.32 5693.99 1180.2 21490 2932.64 2525.01 2129.68 29331.1 407.635 25826.2 21792.2 7180.6 3405.31 1250.33 580.56 3504.85 20543 2926.82 19131 13261.3 8789.92 5247.25 3846.73
internal_count=2936414 1377238 1559176 1469034 778224 690810 481513 706891 536419 90142 670347 198491 193034 152220 381309 5457 337257 300588 213970 262439 118839 21744 44052 579733 85269 209297 139521 103038 53803 100204
cat_boundaries=0 1 2 3 4
cat_threshold=17 89 258 512
is_linear=0
shrinkage=0.05


Tree=36
num_leaves=31
num_cat=2
split_feature=9 10 10 9 10 0 4 10 6 1 7 4 10 5 5 10 10 0 5 3 6 7 3 0 10 0 4 5 6 10
split_gain=1407.27 1597.61 461.562 329.965 287.928 182.786 144.527 227.865 124.462 112.177 106.071 115.746 100.812 94.8177 87.7678 84.1846 76.147 75.6333 73.8009 67.9392 60.8257 60.6364 60.0566 59.5086 59.3926 55.0923 52.8801 64.4373 64.8197 92.7191
threshold=0.045983086680761107 1.0000000180025095e-35 9.5000000000000018 0.056079664570230614 1.0000000180025095e-35 5.5000000000000009 1139.5000000000002 4.5000000000000009 0.058217733103359606 1.0000000180025095e-35 15.500000000000002 2433.5000000000005 2.5000000000000004 1795.5000000000002 2220.5000000000005 1.5000000000000002 1.0000000180025095e-35 1.0000000180025095e-35 737.50000000000011 0 0.047039512175594621 7.5000000000000009 1 5.5000000000000009 2.5000000000000004 3.5000000000000004 77870.500000000015 1041.5000000000002 0.027211303922565721 1.0000000180025095e-35
decision_type=2 2 2 2 2 2 2 2 2 2 2 2 2 2 2 2 2 2 2 1 2 2 1 2 2 2 2 2 2 2
left_child=1 9 3 4 23 8 -3 20 14 19 11 -6 -13 -4 17 -12 -10 -5 -7 21 -8 -1 26 -2 -16 -11 27 -19 -29 -30
right_child=2 6 13 5 10 18 7 -9 16 25 15 12 -14 -15 24 -17 -18 22 -20 -21 -22 -23 -24 -25 -26 -27 -28 28 29 -31
leaf_value=0.017915878490346194 0.0019357494238840861 -0.045632298067990212 -0.0131741315898058 0.010452029911723743 -0.043734356104082314 0.00097435432887550731 -0.016566301692922832 -0.044703349694085508 0.006768292298576656 -0.003381197207765608 0.024842404244701334 -0.0092483334339083807 -0.03619886049400671 -0.045159851615937274 0.0018529743343829294 -0.021095813455773431 0.015535344677372599 0.0033491122926567795 -0.012498901676501402 -0.0027801649109992794 -0.029221958600955035 0.0030614389090641587 0.0072661978262832513 -0.005913009270224292 -0.029548705459426079 -0.0099307033349602045 0.031890575850829099 0.02169195851807627 0.011920838274615479 -0.019192026294788445
leaf_weight=931.47997135296464 17786.554817292839 1336.4871612871066 405.93304855842143 7587.700159904547 421.43116781627759 6861.0171595867723 2543.3281216677278 1396.972583798226 4159.5979068391025 9336.7298695165664 260.49927222728729 1629.4739464139566 440.87162202922627 539.79566554026678 314.48472238332033 161.59460735786706 6122.0586053151637 11973.564820487052 1193.1293729403988 3625.1674510799348 1514.9443582966924 2617.5978966243565 12615.561198522337 2794.4233375117183 288.9175070123747 4893.6967136077583 151.04785327427089 165.36774079874158 317.37282506003976 975.39247556496412
leaf_count=25834 477060 180236 15067 81934 44596 103537 197346 180100 51608 267838 2286 103401 46923 64178 7735 3605 45691 151385 33715 109162 148825 78509 166619 103148 20745 188529 4793 2534 5233 24242
internal_value=0 -0.0097676 0.00328486 0.00371561 -0.00121263 0.00591168 -0.0308963 -0.0272861 0.00716174 -0.00306343 -0.015923 -0.0198493 -0.0149873 -0.0314307 0.00571865 0.0072554 0.0119885 0.00605621 -0.00102155 0.00203443 -0.0212906 0.00694053 0.00478307 0.000870069 -0.0131826 -0.0056335 0.00246959 0.00214057 -0.00778342 -0.0115538
internal_weight=0 28196.4 77165.8 76220.1 23494.8 52725.2 6791.73 5455.25 44671.1 21404.7 2913.87 2491.78 2070.35 945.729 34389.4 422.094 10281.7 33786 8054.15 7174.25 4058.27 3549.08 26198.3 20581 603.402 14230.4 13582.7 13431.7 1458.13 1292.77
internal_count=2936414 1376379 1560035 1480790 781019 699771 706507 526271 562519 669872 200811 194920 150324 79245 465220 5891 97299 436740 137252 213505 346171 104343 354806 580208 28480 456367 188187 183394 32009 29475
cat_boundaries=0 1 2
cat_threshold=121 418
is_linear=0
shrinkage=0.05


Tree=37
num_leaves=31
num_cat=2
split_feature=9 10 10 5 9 10 4 10 0 3 1 7 4 6 10 6 10 6 9 5 3 7 1 7 6 6 10 7 8 0
split_gain=1279.72 1507.65 427.803 324.41 294.487 189.065 144.849 226.045 140.408 112.316 101.865 100.256 95.6941 94.5813 72.7225 70.8211 81.8401 69.6355 66.8674 65.4019 61.6871 60.732 60.3721 61.7798 58.7478 57.6597 57.0017 55.8817 55.381 54.6848
threshold=0.045983086680761107 1.0000000180025095e-35 4.5000000000000009 2031.5000000000002 0.056079664570230614 1.0000000180025095e-35 1139.5000000000002 4.5000000000000009 5.5000000000000009 0 1.0000000180025095e-35 16.500000000000004 2433.5000000000005 0.056699445425781217 1.0000000180025095e-35 0.023286037916649713 14.500000000000002 0.051355618426565629 0.14760348583878 1254.5000000000002 1 7.5000000000000009 1.0000000180025095e-35 11.500000000000002 0.047039512175594621 0.037032569349946497 1.5000000000000002 5.5000000000000009 6.5000000000000009 1.0000000180025095e-35
decision_type=2 2 2 2 2 2 2 2 2 1 2 2 2 2 2 2 2 2 2 2 1 2 2 2 2 2 2 2 2 2
left_child=1 10 4 15 5 29 -3 24 9 28 20 12 -7 22 -15 16 18 -13 -4 25 -1 -22 23 -11 -8 -17 -14 -24 -6 -2
right_child=2 6 3 -5 8 11 7 -9 -10 13 -12 17 26 14 -16 19 -18 -19 -20 -21 21 -23 27 -25 -26 -27 -28 -29 -30 -31
leaf_value=-0.0037751121775407986 0.0058925864110173807 -0.045394111508016755 0.005564352120565638 -0.043701250181790573 0.00037295533279010234 -0.036952880638067447 -0.016000220766588618 -0.044430011923933588 -0.00022260085087643072 0.011733720470840273 -0.0053811735960561709 -0.0058210125358890774 -0.0049451151732891642 0.0073093371182619106 0.016013438829920353 0.021624815975656214 -0.03074031619461412 0.045171909281893213 0.045459912056222088 -0.023479125995785284 0.015518574644842338 0.0021269619772759504 0.0064578870480145592 0.0052934679980641153 -0.028587706901062312 -0.0091897474756175313 -0.022618112958724183 -0.0012157215042396567 0.014423244279090676 -0.00048424010691918437
leaf_weight=2854.2870836183429 4231.1998738460243 1277.8102581971325 396.06105073448271 755.19475951883942 7218.2505358709022 465.0936684506014 2502.6990300775506 1336.8127272361889 7721.482625849545 7976.3764169123024 14155.403523590416 162.26202962826937 1195.2046273909509 4064.387619368732 5859.0784084070474 189.4020501030609 112.50844716327265 113.97772805765271 142.93071837630123 667.25771990558133 1153.8489114064723 3179.716280169785 6775.5048660393804 6984.4117095153779 1472.2242383430712 764.87149060377851 737.96347945183516 3650.9402090488002 776.82030582055449 16365.936451656744
leaf_count=86315 95815 180236 13163 89395 97866 45019 197346 180100 124433 80534 456367 2525 73846 50229 42947 3773 7105 943 3549 30295 31854 95336 98407 79599 148825 17931 57676 54083 6509 484393
internal_value=0 -0.00937419 0.00311216 -0.0153093 0.00386297 -0.00079825 -0.0302799 -0.026644 0.00598878 0.00709627 -0.00291973 -0.013305 -0.0165905 0.00830712 0.0124485 -0.00587626 0.00804742 0.0152189 0.0161439 -0.0114705 0.00192773 0.00567949 0.0066916 0.0087271 -0.0206623 -0.00307374 -0.0116916 0.00377088 0.00173594 0.00082573
internal_weight=0 27932.8 77327.1 3028.23 74298.9 23271.6 6589.55 5311.74 51027.3 43305.8 21343.3 2674.5 2398.26 35310.7 9923.47 2273.03 651.5 276.24 538.992 1621.53 7187.85 4333.57 25387.2 14960.8 3974.92 954.274 1933.17 10426.4 7995.07 20597.1
internal_count=2936414 1376379 1560035 165211 1394824 760217 706507 526271 634607 510174 669872 180009 176541 405799 93176 75816 23817 3468 16712 51999 213505 127190 312623 160133 346171 21704 131522 152490 104375 580208
cat_boundaries=0 1 2
cat_threshold=2 646
is_linear=0
shrinkage=0.05


Tree=38
num_leaves=31
num_cat=2
split_feature=9 10 10 8 0 10 4 10 8 10 8 5 1 5 10 8 10 8 8 10 4 10 6 3 7 3 9 10 8 10
split_gain=1163.43 1414.67 402.341 287.337 191.569 164.174 142.793 220.345 105.768 179.871 174.339 95.4057 91.747 91.4613 79.5485 69.4973 107.294 66.2359 78.3879 89.1065 64.9224 63.4442 60.3577 59.1149 58.3721 57.3372 57.0901 96.7697 89.7637 84.9092
threshold=0.047065337763012187 1.0000000180025095e-35 9.5000000000000018 2.5000000000000004 2.5000000000000004 1.5000000000000002 984.50000000000011 4.5000000000000009 3.5000000000000004 1.0000000180025095e-35 4.5000000000000009 1769.5000000000002 1.0000000180025095e-35 1795.5000000000002 1.0000000180025095e-35 1.0000000180025095e-35 1.0000000180025095e-35 5.5000000000000009 6.5000000000000009 1.0000000180025095e-35 4758.5000000000009 1.0000000180025095e-35 0.05279106741901874 0 11.500000000000002 1 0.053101503759398504 1.5000000000000002 1.5000000000000002 1.0000000180025095e-35
decision_type=2 2 2 2 2 2 2 2 2 2 2 2 2 2 2 2 2 2 2 2 2 2 2 1 2 1 2 2 2 2
left_child=1 12 3 4 26 15 -3 22 9 -5 14 -7 24 -4 -10 16 -6 21 19 -19 -18 -12 -8 -17 -1 -11 27 -2 29 -28
right_child=2 6 13 8 5 11 7 -9 10 25 17 -13 -14 -15 -16 23 20 18 -20 -21 -22 -23 -24 -25 -26 -27 28 -29 -30 -31
leaf_value=0.0058879626211422835 0.0024637563280602765 -0.04550336669756027 -0.012537800056702471 0.0035840225379355434 -0.0018010150874824772 -0.0078690896934991462 -0.017383328196668803 -0.044116181058945547 0.0049267521821819999 0.015155585284736635 0.0088745725004720413 -0.02937683365417983 -0.0051399687595383957 -0.044672143709464228 -0.0070905562483099859 0.0069753503724211061 -0.042036417810286289 0.0098573598848828957 0.013067750616503488 -0.010473773146087826 -0.011465096810321779 0.024540955080982467 -0.033429190898856084 -0.00012758707580347645 -0.003141819651424941 0.027730570799428689 0.0035235209296755349 -0.021407703713730953 0.0017062959978913026 0.012511601908881004
leaf_weight=3945.3241677451879 12206.14685998112 1154.7607277696952 399.40408638585359 2608.2302294075489 8826.2391523774713 2343.6786468452774 3258.0058789295144 1281.1086303363554 2897.6676514595747 2280.6804615212604 1192.8249010741711 661.04481269838288 14084.839719166979 496.93146695801988 2624.1807864308357 4296.8556457776576 248.07328986190259 1155.731434751302 2777.227379382588 1009.7928729644045 578.9612852409482 1410.3100780313835 714.61416534753516 9165.9274792727083 3275.7347904536873 1641.1224135961384 4411.8207320868969 439.84077802905813 7275.7341252099723 6497.2837961250916
leaf_count=114600 333025 170472 15065 28014 295361 63248 277755 180279 28982 23123 10618 48374 456377 64075 33366 62792 26476 9859 26374 11423 35771 12710 78385 148843 99370 12536 60982 37102 110320 60737
internal_value=0 -0.00898611 0.0029514 0.00334137 0.00154438 -0.00160612 -0.0295837 -0.0260846 0.00856346 0.0137597 0.00596688 -0.0126008 -0.00279066 -0.0303532 -0.000784305 -0.000176979 -0.00341461 0.0109072 0.00750761 0.000376869 -0.0206351 0.0173622 -0.0202697 0.00214451 0.00179173 0.0205271 0.00421358 0.00163348 0.00600781 0.00887667
internal_weight=0 27714.4 77445.7 76549.4 56951.6 26120.8 6408.49 5253.73 19597.8 6530.03 13067.7 3004.72 21305.9 896.336 5521.85 23116.1 9653.27 7545.89 4942.75 2165.52 827.035 2603.13 3972.62 13462.8 7221.06 3921.8 30830.8 12646 18184.8 10909.1
internal_count=2936414 1377238 1559176 1480036 1283031 680865 706891 536419 197005 63673 133332 111622 670347 79140 62348 569243 357608 70984 47656 21282 62247 23328 356140 211635 213970 35659 602166 370127 232039 121719
cat_boundaries=0 1 2
cat_threshold=113 390
is_linear=0
shrinkage=0.05


Tree=39
num_leaves=31
num_cat=2
split_feature=9 10 10 9 0 4 10 10 3 5 1 9 10 5 0 5 10 7 10 3 7 8 8 8 8 10 1 7 4 10
split_gain=1057.61 1338.45 373.111 258.268 185.378 145.056 221.299 103.35 102.779 90.3638 83.9531 77.1368 95.3245 76.3355 66.9114 63.1177 83.3956 62.3131 88.9547 55.8965 53.8041 52.2796 101.287 59.83 58.3193 59.5567 51.3593 48.9536 96.7825 47.6622
threshold=0.045983086680761107 1.0000000180025095e-35 9.5000000000000018 0.12861869313482219 4.5000000000000009 1083.5000000000002 2.5000000000000004 1.5000000000000002 0 1795.5000000000002 1.0000000180025095e-35 0.053101503759398504 1.0000000180025095e-35 691.50000000000011 1.0000000180025095e-35 554.50000000000011 1.5000000000000002 3.5000000000000004 1.0000000180025095e-35 1 3.5000000000000004 3.5000000000000004 4.5000000000000009 5.5000000000000009 6.5000000000000009 1.0000000180025095e-35 1.0000000180025095e-35 17.500000000000004 2433.5000000000005 6.5000000000000009
decision_type=2 2 2 2 2 2 2 2 1 2 2 2 2 2 2 2 2 2 2 1 2 2 2 2 2 2 2 2 2 2
left_child=1 10 3 4 8 -3 15 -6 -2 -4 19 12 -10 17 -5 16 -7 18 -13 -1 -12 -16 -23 -24 25 -25 -19 28 -14 -8
right_child=2 5 9 14 7 6 29 -9 11 -11 20 13 27 -15 21 -17 -18 26 -20 -21 -22 22 23 24 -26 -27 -28 -29 -30 -31
leaf_value=0.0061367217989448421 -0.0023051970129082814 -0.045092342226068012 -0.012056026680652837 0.014497282425929792 -0.0020614331588527496 -0.031432876687948162 -0.03150005397091727 -0.015720804868818713 0.0025265340504812637 -0.044405695235273435 -0.0019981908627738519 0.0058068427546742532 -0.04309696663276652 -0.0016981280670864533 0.011019105075605598 -0.0098348544752550771 -0.005769743999069054 0.0074581239297337003 0.020356729713072966 -0.0026562008512563068 -0.0082062130332573851 -0.0015796624112020827 0.015591750337548047 0.0069758663070371612 0.010462082293707247 -0.011459074854379173 0.0012032015816230333 0.016943667912505327 -0.0075124171774494167 -0.047110792138228705
leaf_weight=3596.4949263334274 7465.9314030832611 1146.6587623176165 394.81919015012681 3529.5539707024582 11581.321028628387 1112.6621101018973 1098.3680343376473 1572.8851462616585 13572.565502457321 476.28461758419871 7452.1710716560483 2310.1590620130301 244.71324538486078 2855.8795284070075 5005.3805674286559 1533.1244130814448 442.44724850263447 10975.727426076308 1926.5187709964812 3616.3283486049622 6564.7532842457294 3866.3940112912096 2102.1550729805604 936.49918577075005 2284.8277650345117 823.24587452597916 4681.6752148419619 131.48447289224714 871.83005314134061 881.25477900821716
leaf_count=104343 187565 176900 15067 29695 302621 114162 143876 60482 354231 64178 239602 33682 28410 58828 60379 104218 37761 118523 12703 109162 216765 45766 19332 8319 22412 9755 63398 1952 62737 129590
internal_value=0 -0.00862434 0.00279538 0.00316475 0.0015271 -0.029033 -0.0253994 -0.00369472 0.00305228 -0.0297435 -0.00265019 0.00411642 0.00131057 0.00594612 0.00830253 -0.017034 -0.0241314 0.00704349 0.012423 0.001733 -0.00490569 0.00684668 0.00476095 0.0087493 0.00519296 -0.00164839 0.00558786 -0.0119133 -0.0153115 -0.0384494
internal_weight=0 27444.3 77609.9 76738.7 58190.7 6214.52 5067.86 13154.2 45036.5 871.104 21229.7 37570.6 14820.6 22750 18548.1 3088.23 1555.11 19894.1 4236.68 7212.82 14016.9 15018.5 10013.1 6146.73 4044.57 1759.75 15657.4 1248.03 1116.54 1979.62
internal_count=2936414 1376379 1560035 1480790 1285132 706507 529607 363103 922029 79245 669872 734464 447330 287134 195658 256141 151923 228306 46385 213505 456367 165963 105584 59818 40486 18074 181921 93099 91147 273466
cat_boundaries=0 1 2
cat_threshold=2 121
is_linear=0
shrinkage=0.05


Tree=40
num_leaves=31
num_cat=2
split_feature=9 10 10 8 5 0 4 10 0 8 10 8 0 3 10 6 9 10 10 0 7 7 3 7 1 5 10 8 1 7
split_gain=961.123 1259.02 345.549 229.881 185.607 155.696 144.763 217.918 91.734 82.422 157.181 137.245 77.5796 71.5721 65.1151 64.9958 62.4987 85.7549 59.1494 58.1531 54.7653 53.8745 53.8255 51.9322 60.2484 50.6108 49.6226 49.5684 49.0295 46.7434
threshold=0.045983086680761107 1.0000000180025095e-35 6.5000000000000009 2.5000000000000004 2031.5000000000002 5.5000000000000009 1083.5000000000002 4.5000000000000009 1.0000000180025095e-35 3.5000000000000004 1.0000000180025095e-35 4.5000000000000009 1.5000000000000002 0 1.0000000180025095e-35 0.023286037916649713 0.053101503759398504 1.0000000180025095e-35 14.500000000000002 2.5000000000000004 3.5000000000000004 3.5000000000000004 1 11.500000000000002 1.0000000180025095e-35 345.50000000000006 1.5000000000000002 1.0000000180025095e-35 1.0000000180025095e-35 17.500000000000004
decision_type=2 2 2 2 2 2 2 2 2 2 2 2 2 1 2 2 2 2 2 2 2 2 1 2 2 2 2 2 2 2
left_child=1 12 3 5 15 8 26 19 -2 10 -5 14 -1 -10 -11 18 17 -15 -4 -8 -12 -18 25 24 -16 -22 27 -3 29 -23
right_child=2 6 4 9 -6 -7 7 -9 13 11 20 -13 -14 16 23 -17 21 -19 -20 -21 22 28 -24 -25 -26 -27 -28 -29 -30 -31
leaf_value=0.0014521505587999544 0.00659302683217226 -0.048225358871239937 0.013005593114637497 0.0029640871702609501 -0.044895014979580816 -0.00484242549464274 -0.012106803989421919 -0.043562227554102079 -0.0034808283041270712 0.0045569336796525825 0.045488086637702672 0.0098888593546898763 -0.0048275572579151403 0.00096128943571664445 0.0055551066119914026 -0.019298995875217845 0.0085521959492938365 -0.013573781811564378 -0.029117284886566508 -0.024577821107156245 0.041915211087087012 0.005805958761951252 0.015277654932087418 -0.014997117943198426 -0.017400764225546008 -0.023007965731407426 -0.00075782735112027693 0.097926691693278195 -0.0015922550201673423 -0.0081520927189710646
leaf_weight=7766.5110450163484 11131.729385104496 1030.6294212299399 411.42418237542734 2632.0418434739113 511.8898045248352 8194.7501315376721 1716.826510659419 1174.5734961382113 6201.2521004220471 2912.2940747924149 182.88830344192684 7530.9071902772412 13410.67945757322 11356.321392606944 1098.3431008635089 649.53235207591206 5208.7223838809878 1114.336755562108 104.5103443521075 2052.118098015897 346.45271246880293 8068.0403474410996 3338.8211573064327 1037.9434740934521 386.36888446472585 32.865759454667568 60.3373191957362 5.8342660069465628 4644.1433720970526 647.97953423019499
leaf_count=203365 198414 167534 13626 28014 72386 234806 158556 180105 163317 28982 1624 66516 466507 319410 10653 26312 69639 83796 7105 190946 2020 99870 28527 13091 6100 318 9307 59 73874 11635
internal_value=0 -0.00826778 0.00264956 0.00314457 -0.0197983 0.00153077 -0.0284034 -0.0247575 0.00261045 0.00782627 0.0124059 0.00551875 -0.00252454 0.00142001 -0.000536662 -0.00877551 0.00239948 -0.000337516 0.00447297 -0.018897 0.0187763 0.0042389 0.0174624 -0.00641699 -0.000418735 0.0353579 -0.0448366 -0.0474027 0.00255728 0.00476827
internal_weight=0 27217.5 77743.6 76066.2 1677.36 56567.3 6040.32 4943.52 48372.5 19498.9 6533.07 12965.9 21177.2 37240.8 5434.95 1165.47 31039.5 12470.7 515.935 3768.94 3901.03 18568.9 3718.14 2522.66 1484.71 379.318 1096.8 1036.46 13360.2 8716.02
internal_count=2936414 1376379 1560035 1440606 119429 1254761 706507 529607 1019955 185845 60503 125342 669872 821541 58826 47043 658224 403206 20731 349502 32489 255018 30865 29844 16753 2338 176900 167593 185379 111505
cat_boundaries=0 1 2
cat_threshold=2 80
is_linear=0
shrinkage=0.05


end of trees

feature_importances:
user_item_impressions_before=346
user_category_clicks_before=157
position=148
item_ctr_before=115
user_category_share_before=101
item_clicks_before=90
user_clicks_before=90
item_impressions_before=67
category=59
is_new_user=56
price_tier=1

parameters:
[boosting: gbdt]
[objective: binary]
[metric: auc,binary_logloss]
[tree_learner: serial]
[device_type: cpu]
[data_sample_strategy: bagging]
[data: ]
[valid: ]
[num_iterations: 500]
[learning_rate: 0.05]
[num_leaves: 31]
[num_threads: 0]
[seed: 0]
[deterministic: 0]
[force_col_wise: 0]
[force_row_wise: 0]
[histogram_pool_size: -1]
[max_depth: -1]
[min_data_in_leaf: 50]
[min_sum_hessian_in_leaf: 0.001]
[bagging_fraction: 1]
[pos_bagging_fraction: 1]
[neg_bagging_fraction: 1]
[bagging_freq: 0]
[bagging_seed: 3]
[feature_fraction: 1]
[feature_fraction_bynode: 1]
[feature_fraction_seed: 2]
[extra_trees: 0]
[extra_seed: 6]
[early_stopping_round: 0]
[early_stopping_min_delta: 0]
[first_metric_only: 0]
[max_delta_step: 0]
[lambda_l1: 0]
[lambda_l2: 0]
[linear_lambda: 0]
[min_gain_to_split: 0]
[drop_rate: 0.1]
[max_drop: 50]
[skip_drop: 0.5]
[xgboost_dart_mode: 0]
[uniform_drop: 0]
[drop_seed: 4]
[top_rate: 0.2]
[other_rate: 0.1]
[min_data_per_group: 100]
[max_cat_threshold: 32]
[cat_l2: 10]
[cat_smooth: 10]
[max_cat_to_onehot: 4]
[top_k: 20]
[monotone_constraints: ]
[monotone_constraints_method: basic]
[monotone_penalty: 0]
[feature_contri: ]
[forcedsplits_filename: ]
[refit_decay_rate: 0.9]
[cegb_tradeoff: 1]
[cegb_penalty_split: 0]
[cegb_penalty_feature_lazy: ]
[cegb_penalty_feature_coupled: ]
[path_smooth: 0]
[interaction_constraints: ]
[verbosity: -1]
[saved_feature_importance_type: 0]
[use_quantized_grad: 0]
[num_grad_quant_bins: 4]
[quant_train_renew_leaf: 0]
[stochastic_rounding: 1]
[linear_tree: 0]
[max_bin: 255]
[max_bin_by_feature: ]
[min_data_in_bin: 3]
[bin_construct_sample_cnt: 200000]
[data_random_seed: 1]
[is_enable_sparse: 1]
[enable_bundle: 1]
[use_missing: 1]
[zero_as_missing: 0]
[feature_pre_filter: 1]
[pre_partition: 0]
[two_round: 0]
[header: 0]
[label_column: ]
[weight_column: ]
[group_column: ]
[ignore_column: ]
[categorical_feature: 3]
[forcedbins_filename: ]
[precise_float_parser: 0]
[parser_config_file: ]
[objective_seed: 5]
[num_class: 1]
[is_unbalance: 0]
[scale_pos_weight: 1]
[sigmoid: 1]
[boost_from_average: 1]
[reg_sqrt: 0]
[alpha: 0.9]
[fair_c: 1]
[poisson_max_delta_step: 0.7]
[tweedie_variance_power: 1.5]
[lambdarank_truncation_level: 30]
[lambdarank_norm: 1]
[label_gain: ]
[lambdarank_position_bias_regularization: 0]
[eval_at: ]
[multi_error_top_k: 1]
[auc_mu_weights: ]
[num_machines: 1]
[local_listen_port: 12400]
[time_out: 120]
[machine_list_filename: ]
[machines: ]
[gpu_platform_id: -1]
[gpu_device_id: -1]
[gpu_use_dp: 0]
[num_gpu: 1]

end of parameters

pandas_categorical:[["action", "comedy", "docu", "drama", "horror", "kids", "music", "news", "reality", "sports"]]
